mortal	man	RANDOM
house	place	HYPER
bottle	last	RANDOM
beaver	hamster	COORD
lime	artifact	RANDOM
horse	polymerase	RANDOM
age	commodity	RANDOM
knitwear	clothing	HYPER
library	site	HYPER
instrument	modest	RANDOM
paper	vehicle	RANDOM
jet	airplane	HYPER
confer	tell	HYPER
train	pitch	RANDOM
partial	incomplete	HYPER
phone	olive	RANDOM
break	same	RANDOM
goat	seek	RANDOM
beam	light	HYPER
beef	meet	HYPER
cannon	device	HYPER
cucumber	veggie	HYPER
herring	compress	RANDOM
chisel	other	RANDOM
banana	Ethiopian	RANDOM
cottage	home	HYPER
box	cleaner	RANDOM
rat	weapon	RANDOM
stove	shower	RANDOM
apple	computer	HYPER
sparrow	passerine	HYPER
warrior	define	RANDOM
knife	specify	RANDOM
stove	stability	RANDOM
deer	elephant	COORD
battleship	jet	COORD
bowl	system	RANDOM
lion	main	RANDOM
poplar	acacia	COORD
gorilla	mum	RANDOM
glove	touchdown	RANDOM
dress	internship	RANDOM
contact	separate	RANDOM
chisel	nutcracker	COORD
symbolism	meaning	HYPER
willow	snack	RANDOM
salmon	ungulate	RANDOM
truck	bomber	COORD
cow	weakness	RANDOM
flute	further	RANDOM
wasp	ant	COORD
robin	expect	RANDOM
cube	build	HYPER
villa	dwelling	HYPER
sword	forecast	RANDOM
mortal	being	HYPER
violin	established	RANDOM
slider	move	RANDOM
key	metal	HYPER
ant	president	RANDOM
goat	deer	COORD
metamorphosis	change	HYPER
dishwasher	fridge	COORD
awaken	write	RANDOM
knife	few	RANDOM
hat	artefact	RANDOM
stone	formation	HYPER
uneven	crooked	HYPER
measurement	scale	HYPER
beetle	mosquito	COORD
chair	artifact	HYPER
vest	electoral	RANDOM
rank	noise	RANDOM
cello	piano	COORD
queen	person	HYPER
bottle	award	RANDOM
car	artifact	HYPER
glove	native	RANDOM
beet	good	RANDOM
motorcycle	high	RANDOM
sieve	scalpel	COORD
elm	local	RANDOM
barley	bird	RANDOM
toaster	scholarship	RANDOM
rabbit	deer	COORD
flute	object	HYPER
hornet	obedience	RANDOM
motorcycle	assault	RANDOM
ice	crystal	HYPER
labor	good	RANDOM
pistol	cut	RANDOM
violin	subsequent	RANDOM
vest	clothing	HYPER
bear	ascertain	RANDOM
lizard	iguana	COORD
stand	stop	HYPER
wrench	chisel	COORD
cat	meticulous	RANDOM
battleship	mixed	RANDOM
confidence	emotion	HYPER
court	residence	HYPER
bomber	abundant	RANDOM
hat	clothing	HYPER
shirt	bat	RANDOM
washer	burn	RANDOM
bear	traitor	RANDOM
sparrow	bird	HYPER
hallway	important	RANDOM
sieve	tweezers	COORD
fighter	bus	COORD
cello	flute	COORD
catfish	eradication	RANDOM
paint	craft	RANDOM
crop	device	RANDOM
maze	arrangement	HYPER
cherry	banana	COORD
mantle	act	RANDOM
crop	put	RANDOM
funded	machine	RANDOM
tabulate	add	HYPER
aggregate	utensil	RANDOM
bowl	instruction	RANDOM
slice	part	HYPER
she	covering	RANDOM
relax	clothes	RANDOM
tanker	sort	RANDOM
train	motorcycle	COORD
salmon	throw	RANDOM
tool	work	HYPER
parsley	onion	COORD
cottage	weapon	RANDOM
desk	table	HYPER
fridge	route	RANDOM
mug	jug	COORD
moth	creature	HYPER
sword	list	RANDOM
train	beast	RANDOM
shovel	tool	HYPER
motorcycle	describe	RANDOM
radish	home	RANDOM
spear	bomb	COORD
cucumber	seafront	RANDOM
arboreal	film	RANDOM
planet	tell	RANDOM
dagger	color	RANDOM
spear	degree	RANDOM
nation	country	HYPER
poison	drug	HYPER
orbital	cyclical	HYPER
trombone	muscle	RANDOM
goat	dog	COORD
home	animal	RANDOM
scarf	sock	COORD
complete	end	HYPER
radish	parsley	COORD
pig	creature	HYPER
photographic	place	RANDOM
whale	furnishing	RANDOM
chap	man	HYPER
onion	dfid	RANDOM
orbital	support	RANDOM
spinach	broccoli	COORD
cannon	achiever	RANDOM
piano	trombone	COORD
fighter	bomber	COORD
corrupt	commerce	RANDOM
iodine	beer	RANDOM
washer	fridge	COORD
humble	low	HYPER
wardrobe	object	HYPER
hatchet	biography	RANDOM
chisel	urea	RANDOM
elephant	dolphin	COORD
ferry	glider	COORD
whale	squirrel	COORD
castle	sport	RANDOM
grapefruit	banana	COORD
coupling	meeting	HYPER
corkscrew	axe	COORD
radish	broccoli	COORD
tabulate	person	RANDOM
elephant	inform	RANDOM
woodpecker	to-morrow	RANDOM
bull	people	RANDOM
steer	control	HYPER
willow	pine	COORD
sex	behavior	RANDOM
goldfish	tuna	COORD
bee	conflict	RANDOM
butterfly	boutique	RANDOM
horse	interesting	RANDOM
piano	extra	RANDOM
bowl	action	HYPER
empty	change	HYPER
oven	fund	RANDOM
hat	apparel	HYPER
rake	knife	COORD
gun	cherish	RANDOM
restaurant	empower	RANDOM
grenade	document	RANDOM
stove	stereo	COORD
restaurant	villa	COORD
emotional	understand	RANDOM
fox	comprehensive	RANDOM
bomber	glider	COORD
jet	abattoir	RANDOM
trumpet	harmonica	COORD
oven	artefact	HYPER
dog	silent	RANDOM
achieve	solid	RANDOM
corkscrew	chisel	COORD
coupling	build	RANDOM
pheasant	holistic	RANDOM
carrot	produce	HYPER
freedom	mark	RANDOM
jet	send	RANDOM
corn	spinach	COORD
couch	transport	RANDOM
dagger	cannon	COORD
dive	strength	RANDOM
seat	perfect	RANDOM
flute	guitar	COORD
dresser	chair	COORD
chisel	wrench	COORD
missile	say	RANDOM
carp	goldfish	COORD
herring	vertebrate	HYPER
fork	plier	COORD
sword	artefact	RANDOM
pool	creature	RANDOM
cat	giraffe	COORD
bull	fix	RANDOM
wrench	total	RANDOM
cut	meat	HYPER
kindness	display	RANDOM
guitar	banjo	COORD
musket	bow	COORD
horse	avail	RANDOM
bull	carry	RANDOM
train	fighter	COORD
broccoli	spinach	COORD
pit	depression	HYPER
alligator	handgun	RANDOM
deaf	silent	HYPER
apple	watersports	RANDOM
bull	dolphin	COORD
robe	equity	RANDOM
couch	desk	COORD
gorilla	sexual	RANDOM
grenade	coat	RANDOM
fighter	frigate	COORD
scarf	artifact	RANDOM
ring	change	RANDOM
knife	artifact	RANDOM
check	move	HYPER
fighter	work	RANDOM
organise	fix	HYPER
glove	ten	RANDOM
herring	mail	RANDOM
unlawful	illegal	HYPER
snowball	plaything	HYPER
sieve	axe	COORD
sheep	ungulate	HYPER
fridge	read	RANDOM
goat	ruminant	HYPER
cottage	pill	RANDOM
cannon	implement	HYPER
axe	rake	COORD
shirt	final	RANDOM
washer	object	HYPER
garden	place	HYPER
oak	birch	COORD
alligator	crocodile	COORD
corn	lettuce	COORD
pocket	artifact	RANDOM
shirt	mythology	RANDOM
hammer	axe	COORD
politician	leader	HYPER
muscle	food	HYPER
school	lecture	RANDOM
missile	twin	RANDOM
beet	decide	RANDOM
copper	penny	HYPER
villa	castle	COORD
cannon	grenade	COORD
oven	ie	RANDOM
homosexual	person	HYPER
hat	beret	COORD
coyote	cry	RANDOM
computer	machine	HYPER
fox	squirrel	COORD
shovel	hammer	COORD
polish	perfect	HYPER
corkscrew	rake	COORD
glove	cutlery	RANDOM
radio	phone	COORD
lion	coyote	COORD
party	event	HYPER
evidence	hint	HYPER
fork	do	RANDOM
cathedral	slip	RANDOM
castle	update	RANDOM
read	area	RANDOM
dart	game	HYPER
castle	site	HYPER
bottle	chalice	COORD
pear	cranberry	COORD
trumpet	organ	COORD
hatchet	tweezers	COORD
motorcycle	artefact	HYPER
shop	build	HYPER
hit	artefact	RANDOM
vinyl	place	RANDOM
trunk	wood	HYPER
hammer	offer	RANDOM
apricot	pear	COORD
motorcycle	early	RANDOM
coyote	wine	RANDOM
creativity	insect	RANDOM
yacht	canoe	COORD
unfavorable	responsive	HYPER
lung	dream	RANDOM
game	meat	HYPER
innovator	person	HYPER
missile	rocket	COORD
dishwasher	destructive	RANDOM
bull	cat	COORD
black	color	HYPER
cockroach	bug	HYPER
die	jail	RANDOM
completeness	object	RANDOM
grasshopper	mosquito	COORD
cannon	entrance	RANDOM
fold	build	RANDOM
dresser	table	COORD
pine	purchase	RANDOM
bus	verbal	RANDOM
redirect	direct	HYPER
blouse	drive	RANDOM
alligator	toad	COORD
pigeon	woodpecker	COORD
table	stool	COORD
swan	string	RANDOM
lion	cat	COORD
carp	rescue	RANDOM
stretcher	carrier	HYPER
sheet	place	RANDOM
woodpecker	inversion	RANDOM
strawberry	apricot	COORD
clarinet	bass	COORD
jail	place	HYPER
bag	sound	RANDOM
fox	farewell	RANDOM
spear	satisfy	RANDOM
cypress	odor	RANDOM
grapefruit	coconut	COORD
dress	artefact	HYPER
knob	garment	RANDOM
oven	generation	RANDOM
castle	change	RANDOM
coconut	distinctive	RANDOM
dress	sweater	COORD
individual	utensil	RANDOM
television	original	RANDOM
van	tractor	COORD
sheep	beaver	COORD
yacht	plant	RANDOM
plum	religious	RANDOM
freezer	Dutch	RANDOM
pit	place	HYPER
goat	food	HYPER
pistol	hark	RANDOM
onion	sermon	RANDOM
redirect	move	HYPER
oak	acacia	COORD
bomber	battleship	COORD
run	arrive	RANDOM
diagnose	place	RANDOM
geologic	connection	RANDOM
whale	mackerel	COORD
apple	grape	COORD
hat	cloak	COORD
coconut	apricot	COORD
pleasure	ethnic	RANDOM
shirt	apron	COORD
revolver	gun	HYPER
punch	cloth	RANDOM
lemon	Congolese	RANDOM
jacket	pant	COORD
radio	stove	COORD
deteriorate	change	RANDOM
tread	learning	RANDOM
distribution	system	HYPER
wink	blink	HYPER
whale	pig	COORD
cranberry	lemon	COORD
owl	spread	RANDOM
salmon	contemporary	RANDOM
kettle	pot	HYPER
phone	stereo	COORD
tie	restrict	HYPER
scooter	van	COORD
robe	blouse	COORD
carp	cod	COORD
benefit	clip	RANDOM
elephant	gorilla	COORD
saxophone	harp	COORD
washer	appliance	HYPER
fighter	chestnut	RANDOM
drive	implement	RANDOM
jar	more	RANDOM
knife	plate	COORD
deteriorate	permanent	RANDOM
intercourse	activity	HYPER
swan	vertebrate	HYPER
rabbit	herbivore	HYPER
rifle	figure	RANDOM
cathedral	controversy	RANDOM
scooter	hold	RANDOM
tomato	plant	HYPER
sweater	coat	COORD
poetic	cool	RANDOM
saxophone	horn	COORD
symbolism	technique	HYPER
alligator	find	RANDOM
hornet	ant	COORD
hop	travel	HYPER
vague	clinical	RANDOM
dice	cube	HYPER
change	event	RANDOM
box	object	RANDOM
eagle	shopping	RANDOM
gorilla	lion	COORD
eagle	penguin	COORD
industry	place	HYPER
squirrel	invitation	RANDOM
grenade	fund	RANDOM
radio	spray	RANDOM
bottle	tool	RANDOM
giraffe	dolphin	COORD
lump	accumulate	HYPER
strike	carrier	RANDOM
grenade	dagger	COORD
mystical	magical	HYPER
television	touch	RANDOM
ferry	tea	RANDOM
help	being	RANDOM
cloak	urge	RANDOM
robe	ongoing	RANDOM
sweater	object	HYPER
robe	dress	COORD
geologic	scientific	HYPER
foist	impose	HYPER
uterine	bodily	HYPER
robin	animal	HYPER
castle	recover	RANDOM
corkscrew	device	HYPER
streamline	shorten	HYPER
naivety	animal	RANDOM
dresser	nominate	RANDOM
sparrow	protect	RANDOM
rabbit	turnover	RANDOM
squirrel	animal	HYPER
spade	donate	RANDOM
battleship	artifact	HYPER
screwdriver	tool	HYPER
burn	destroy	HYPER
rumour	gather	RANDOM
hornet	new	RANDOM
revolver	grenade	COORD
cottage	edifice	HYPER
bag	governmental	RANDOM
shop	store	HYPER
alligator	carnivore	HYPER
hatchet	free	RANDOM
tiger	horse	COORD
hornet	cricket	COORD
turkey	scientific	RANDOM
van	presumption	RANDOM
oven	air	RANDOM
ambulance	motorbike	COORD
onion	food	HYPER
world	everything	HYPER
deer	cow	COORD
jacket	building	RANDOM
lemon	table	RANDOM
skin	burger	RANDOM
sport	plant	RANDOM
television	dollar	RANDOM
proportionate	balanced	HYPER
coyote	tender	RANDOM
commitment	food	RANDOM
vest	sauna	RANDOM
contaminate	machine	RANDOM
law	change	RANDOM
axe	saw	COORD
bear	device	RANDOM
frigate	celebrate	RANDOM
spear	accomplish	RANDOM
dishwasher	stove	COORD
cat	tight	RANDOM
mountain	place	RANDOM
completeness	place	RANDOM
parody	imitation	HYPER
kitten	gift	RANDOM
wardrobe	tell	RANDOM
vulture	sparrow	COORD
consume	spend	HYPER
pub	look	RANDOM
plan	idea	HYPER
cockroach	moth	COORD
unstructured	messy	HYPER
reward	payment	HYPER
den	place	HYPER
musket	fruit	RANDOM
bomber	coincide	RANDOM
bookcase	other	RANDOM
implicate	accuse	HYPER
frog	headwaters	RANDOM
grenade	troublemaker	RANDOM
unlawful	food	RANDOM
unnoticed	construction	RANDOM
bear	peg	RANDOM
saloon	life	RANDOM
sweater	sweatshirt	COORD
bomber	construct	RANDOM
contrast	differentiate	HYPER
atmosphere	place	RANDOM
bull	past	RANDOM
rifle	rise	RANDOM
lion	jaguar	COORD
cottage	hotel	COORD
boss	remove	RANDOM
goat	exclusive	RANDOM
university	record	RANDOM
sweater	academic	RANDOM
heart	predict	RANDOM
chop	pleased	RANDOM
promotional	sum	RANDOM
catch	sandwich	RANDOM
hedge	yard	HYPER
fork	hammer	COORD
violin	banjo	COORD
cat	pig	COORD
revolver	sword	COORD
shirt	murder	RANDOM
cauliflower	lettuce	COORD
swan	check	RANDOM
coconut	plum	COORD
watch	ride	RANDOM
stretcher	pretty	RANDOM
motorcycle	jet	COORD
elm	different	RANDOM
frog	igneous	RANDOM
cat	creature	HYPER
fork	knife	COORD
whale	goldfish	COORD
snake	minimum	RANDOM
cauliflower	parsley	COORD
motorcycle	hardline	RANDOM
dove	special	RANDOM
castle	bird	RANDOM
cathedral	library	COORD
wasp	obvious	RANDOM
washer	television	COORD
motorcycle	presidential	RANDOM
trumpet	disgusting	RANDOM
turnip	information	RANDOM
coconut	temper	RANDOM
table	furnishing	HYPER
truck	cheese	RANDOM
hospital	hotel	COORD
revolver	collective	RANDOM
rank	magazine	RANDOM
television	prosecution	RANDOM
restaurant	alternative	RANDOM
blouse	implementation	RANDOM
corn	cereal	HYPER
revolver	hatchet	COORD
feather	cover	HYPER
psychology	good	RANDOM
postal	team	RANDOM
teach	enjoy	HYPER
bowl	mobster	RANDOM
revolver	merge	RANDOM
lettuce	film	RANDOM
vague	stated	HYPER
ambulance	tractor	COORD
symbolic	build	RANDOM
scarf	violent	RANDOM
spade	uncover	RANDOM
pub	hospital	COORD
squirrel	fund	RANDOM
tiger	switch	RANDOM
closet	room	HYPER
rat	excellent	RANDOM
employee	person	RANDOM
goat	sheep	COORD
truck	wish	RANDOM
bite	animal	RANDOM
villa	housing	HYPER
diagnose	growth	RANDOM
swan	overdraft	RANDOM
flute	O	RANDOM
fiscal	weapon	RANDOM
ambulance	leave	RANDOM
violin	write	RANDOM
trout	cod	COORD
globe	ball	HYPER
dolphin	vertebrate	HYPER
unaffected	oblivious	HYPER
stove	telephone	COORD
dolphin	coyote	COORD
beetle	European	RANDOM
hornet	vertebrate	RANDOM
goldfish	whole	RANDOM
carrot	gauge	RANDOM
cameraman	photographer	HYPER
climb	pet	RANDOM
cat	artifact	RANDOM
hurt	damage	HYPER
sparrow	dependent	RANDOM
corkscrew	spotty	RANDOM
dagger	carapace	RANDOM
cherry	homogeneous	RANDOM
cow	squirrel	COORD
stove	familiar	RANDOM
frigate	helicopter	COORD
fiscal	rich	HYPER
coupling	total	RANDOM
truck	touch	RANDOM
sweater	weapon	RANDOM
build	device	RANDOM
spoon	corkscrew	COORD
lion	rabbit	COORD
workforce	vertebrate	RANDOM
costume	device	RANDOM
organise	clean	HYPER
van	helicopter	COORD
child	representational	RANDOM
acacia	oak	COORD
novel	story	HYPER
stone	object	HYPER
tribal	familial	HYPER
tail	instrument	RANDOM
birch	quit	RANDOM
plum	ashamed	RANDOM
grasshopper	protective	RANDOM
dolphin	horse	COORD
sofa	present	RANDOM
rat	feedback	RANDOM
willow	next	RANDOM
plane	cut	HYPER
balloon	carnivore	RANDOM
velocity	vegetable	RANDOM
owl	pheasant	COORD
pheasant	change	RANDOM
axe	illustrate	RANDOM
car	battleship	COORD
machine	device	HYPER
fridge	species	RANDOM
fee	crucial	RANDOM
hornet	spaghetti	RANDOM
violin	drum	COORD
dolphin	herring	COORD
revolver	cover	RANDOM
pheasant	animal	HYPER
whale	ordinance	RANDOM
carrot	craft	RANDOM
heart	planet	RANDOM
motorcycle	bike	COORD
intoxicate	overwhelm	HYPER
steam	clean	HYPER
guitar	bass	COORD
cucumber	spinach	COORD
glider	Scottish	RANDOM
television	system	HYPER
grape	endorsement	RANDOM
prime	good	HYPER
rat	general	RANDOM
hammer	plier	COORD
rat	orange	RANDOM
tiger	bull	COORD
saw	object	HYPER
loneliness	emotion	HYPER
lion	subdivision	RANDOM
jar	local	RANDOM
game	vertebrate	RANDOM
hat	sock	COORD
run	mammal	RANDOM
hotel	tangent	RANDOM
lettuce	rain	RANDOM
open	space	HYPER
lift	move	HYPER
cockroach	suggest	RANDOM
superficial	apparent	HYPER
cypress	fir	COORD
diamond	artifact	RANDOM
export	ship	HYPER
frigate	artifact	HYPER
performance	store	RANDOM
sweater	implement	RANDOM
cauliflower	howl	RANDOM
cucumber	onion	COORD
axe	social	RANDOM
turnip	cereal	RANDOM
spoon	artefact	HYPER
key	encourage	RANDOM
parsley	sustainable	RANDOM
tuna	welcome	RANDOM
chip	food	HYPER
lion	deer	COORD
pistol	wake	RANDOM
giraffe	rabbit	COORD
cottage	cathedral	COORD
turtle	beast	HYPER
helicopter	transport	HYPER
minister	clergyman	HYPER
cow	subject	RANDOM
cottage	excellent	RANDOM
edit	trim	HYPER
spring	season	HYPER
corn	vegetable	HYPER
truck	obscure	RANDOM
deer	composition	RANDOM
bomber	work	RANDOM
birch	gable	RANDOM
pontificate	lecture	HYPER
pheasant	robin	COORD
volcano	move	RANDOM
axe	shovel	COORD
cottage	produce	RANDOM
girl	sell	RANDOM
export	purpose	RANDOM
jar	pacifist	RANDOM
mug	bag	COORD
grapefruit	food	HYPER
workforce	process	RANDOM
carrot	cabbage	COORD
try	labour	HYPER
party	country	RANDOM
deer	ambience	RANDOM
bag	pouch	COORD
moth	wasp	COORD
immobilize	still	HYPER
tiger	join	RANDOM
township	shut	RANDOM
pigeon	forthcoming	RANDOM
coyote	vertebrate	HYPER
vest	coat	COORD
yacht	frigate	COORD
robe	apparel	HYPER
parent	sport	RANDOM
lettuce	elect	RANDOM
donkey	screenwriting	RANDOM
race	plant	RANDOM
baseball	place	RANDOM
death	end	HYPER
hedge	bush	HYPER
coyote	wolf	COORD
frog	step	RANDOM
donkey	online	RANDOM
flash	insect	RANDOM
scarf	tie	COORD
unclean	payment	RANDOM
program	performance	HYPER
alligator	beast	HYPER
radish	garlic	COORD
sparrow	falcon	COORD
dance	move	RANDOM
screwdriver	tweezers	COORD
exercise	citrus	RANDOM
garlic	beet	COORD
stove	freezer	COORD
carrot	bean	COORD
fork	vehicle	RANDOM
hop	move	RANDOM
market	place	HYPER
phone	Latin	RANDOM
cherry	reasonable	RANDOM
sieve	saw	COORD
lemon	pineapple	COORD
cod	high	RANDOM
ferry	acc	RANDOM
globe	experience	RANDOM
darling	take	RANDOM
court	action	RANDOM
fridge	romantic	RANDOM
helicopter	formalise	RANDOM
box	attend	RANDOM
peach	covering	RANDOM
caretaker	play	RANDOM
toast	arthropod	RANDOM
train	jet	COORD
plum	defunct	RANDOM
elephant	rhino	COORD
grape	commodity	RANDOM
cherry	cranberry	COORD
snake	toad	COORD
marriage	leave	RANDOM
van	sustainable	RANDOM
gorilla	aid	RANDOM
remember	frighten	RANDOM
pistol	artifact	HYPER
truck	common	RANDOM
goat	mammal	HYPER
bias	declaration	RANDOM
screech	yell	HYPER
turtle	artifact	RANDOM
intoxicate	communication	RANDOM
tissue	religion	RANDOM
sword	object	HYPER
teach	write	RANDOM
rank	line	HYPER
scooter	yacht	COORD
lime	food	HYPER
develop	change	HYPER
celery	veggie	HYPER
musket	cannon	COORD
grapefruit	produce	HYPER
vulture	pheasant	COORD
pub	hotel	COORD
sieve	knife	COORD
saturation	dampness	HYPER
stretcher	equipment	HYPER
saloon	establishment	HYPER
ferry	watercraft	HYPER
pheasant	goose	COORD
poplar	win	RANDOM
corkscrew	plate	COORD
bottle	utensil	HYPER
light	cry	RANDOM
goldfish	come	RANDOM
falcon	eagle	COORD
hatchet	chisel	COORD
glider	ferry	COORD
violin	trumpet	COORD
consist	incorporate	HYPER
bomb	advertise	RANDOM
tiger	originate	RANDOM
grape	sitemap	RANDOM
lump	gather	HYPER
vulture	arrive	RANDOM
steam	infect	RANDOM
deal	prove	RANDOM
america	charge	RANDOM
coyote	big	RANDOM
cow	toe	RANDOM
fiscal	commercial	HYPER
glider	scooter	COORD
invade	join	RANDOM
gift	tool	RANDOM
lion	occupy	RANDOM
spinach	carrot	COORD
birth	begin	HYPER
wrench	mallet	COORD
potato	food	HYPER
weapon	tool	HYPER
jar	join	RANDOM
jar	bag	COORD
hockey	score	RANDOM
acacia	poplar	COORD
goose	reading	RANDOM
freedom	dream	HYPER
axe	sword	COORD
fighter	artifact	RANDOM
cello	clarinet	COORD
log	document	HYPER
cemetery	area	HYPER
commitment	decision	HYPER
airplane	ungulate	RANDOM
cow	unincorporated	RANDOM
alligator	person	RANDOM
birch	cedar	COORD
strawberry	warehouse	RANDOM
aircraft	machine	HYPER
chair	wardrobe	COORD
female	sound	RANDOM
desk	bookcase	COORD
bomb	dagger	COORD
car	balcony	RANDOM
tanker	glider	COORD
phone	last	RANDOM
well	creature	RANDOM
cloak	sweatshirt	COORD
nation	waterbird	RANDOM
action	person	RANDOM
willow	poplar	COORD
lime	plum	COORD
open	custodian	RANDOM
hawk	penguin	COORD
roll	process	RANDOM
fox	beast	HYPER
