cloak	carry	event
bottle	contain	event
pistol	bullet	mero
phone	likely	random
mackerel	retire	random
penguin	inhabit	event
spoon	libertarianism	random
peach	lemon	coord
coyote	bear	coord
hawk	spot	event
bookcase	date	random
revolver	produce	event
hotel	befriend	random
parsley	trekking	random
sieve	mine	random
alligator	likely	random
hotel	sit	event
carrot	edict	random
coyote	cat	coord
butterfly	cricket	coord
hawk	other	random
bottle	gbp	random
scooter	priority	random
hammer	authorisation	random
rifle	elector	random
coyote	leg	mero
cathedral	famous	attri
stove	Serb	random
sieve	disciple	random
knife	sharpen	event
blouse	hometown	random
violin	expensive	attri
coyote	rat	coord
train	move	event
glider	cockpit	mero
restaurant	eat	event
broccoli	radish	coord
rake	plier	coord
flute	saxophone	coord
clarinet	do	random
apricot	skin	mero
freezer	agenda	random
cat	donkey	coord
tiger	establish	random
cathedral	temple	hyper
hammer	spade	coord
whale	catfish	coord
spoon	side-by-side	random
washer	plug	mero
whale	elephant	coord
spear	clean	attri
car	board	random
falcon	see	event
falcon	redo	random
grape	endorsement	random
cat	breathe	event
oven	emulator	random
cockroach	ugly	attri
sweater	foster	random
cockroach	vols	random
rat	tatter	random
potato	wash	event
sheep	drink	event
cat	meticulous	random
beetle	brake	random
cello	banjo	coord
beetle	die	event
pub	block	random
cottage	cook	event
vest	instrumental	random
grenade	suitable	random
cranberry	fresh	attri
saw	baroness	random
axe	artifact	hyper
scarf	button	event
glove	pullover	coord
wasp	breathe	event
library	push	random
elephant	testimony	random
robin	handicap	random
knife	napkin	coord
squirrel	fast	attri
piano	large	attri
fork	wash	event
rifle	auditorium	random
cathedral	practice	random
goldfish	prospective	random
tanker	nerve	random
cypress	easy	random
sieve	create	random
couch	furniture	hyper
coat	heavy	attri
beet	cabbage	coord
glove	elegant	attri
motorcycle	sauce	random
bear	frighten	event
cathedral	bench	mero
fridge	white	attri
jacket	quote	random
cloak	anarchist	random
pub	institution	hyper
trout	reconnaissance	random
cello	sell	event
rabbit	old	attri
cat	doorway	random
bookcase	furniture	hyper
hat	cap	coord
chisel	corkscrew	coord
rat	ferry	random
box	annual	random
rabbit	salon	random
elm	internationalist	random
restaurant	close	event
toaster	nucleus	random
coyote	chordate	hyper
fork	anniversary	random
stereo	antenna	mero
grape	unripe	attri
ferry	vessel	hyper
ferry	metal	mero
motorcycle	fancy	attri
knife	axe	coord
herring	estimation	random
lion	head	mero
flute	recharge	random
villa	build	event
car	insensible	random
goat	eye	mero
peach	collegiate	random
revolver	co-ordinate	random
clarinet	ballpark	random
violin	hole	mero
scarf	dark	random
giraffe	chordate	hyper
coconut	delicious	attri
guitar	wart	random
mug	architect	random
wardrobe	close	event
glider	fuselage	mero
washer	basket	mero
restaurant	related	random
cauliflower	turnip	coord
sparrow	twitter	event
blouse	deposit	random
fox	young	attri
cottage	butterfly	random
fridge	steel	mero
sheep	square	random
sieve	carry	event
coconut	hard	attri
shirt	sure	random
hotel	model	random
salmon	farm	event
donkey	pane	random
deer	manner	random
stereo	orient	random
phone	mobile	attri
radio	antenna	mero
tiger	leg	mero
car	submit	random
cloak	bedtime	random
sword	intrude	random
sheep	sorcerer	random
castle	median	random
robe	different	random
swan	promise	random
scarf	glove	coord
rake	keep	event
jar	drinkware	hyper
hotel	inside	mero
turnip	beans	coord
television	electrical	attri
gorilla	dolphin	coord
restaurant	drink	event
sofa	bluff	random
table	tidy	event
sparrow	mit	random
jar	remodelling	random
bag	colour	mero
battleship	refuel	event
saw	potential	random
scarf	think	random
fox	megalithic	random
blouse	red	attri
cucumber	seed	mero
hospital	window	mero
glider	expensive	attri
peach	round	attri
broccoli	beans	coord
grapefruit	grow	event
cod	trout	coord
whale	donkey	coord
piano	own	event
hammer	knife	coord
van	fellow	random
wasp	animal	hyper
spoon	reputation	random
revolver	seagoon	random
freezer	fridge	coord
knife	distance	random
