grain	amaranth	sibl
mint	excitant	false
leek	chive	sibl
refinery	anaerobe	false
giraffe	jellaba	false
grape	groundnut	sibl
reed	foxglove	sibl
van	filibuster	false
mint	biomass	false
waterbuck	whippet	sibl
redbud	holly	sibl
crocodile	chordate	hypo
catmint	eggplant	sibl
silkworm	mascara	false
apricot	mango	sibl
mint	maillot	false
refinery	bier	false
vole	keelboat	false
pika	tuna	sibl
haddock	vertebrate	hypo
myna	endosperm	false
ivy	dodder	sibl
swordfish	sassaby	sibl
man	wear	false
mammoth	auto	false
buck	walrus	sibl
grain	thyme	sibl
trout	songbird	sibl
begonia	wallflower	sibl
critter	varmint	sibl
budgerigar	sieve	false
tamarisk	greasewood	sibl
hickory	nectarine	sibl
slug	abalone	sibl
pelican	cormorant	sibl
evergreen	shellflower	sibl
mullein	peperomia	sibl
leafhopper	louse	sibl
quadruped	croup	mero
garlic	hornwort	sibl
dill	dandelion	sibl
lobelia	celery	sibl
grebe	pelican	sibl
mint	cautery	false
stonecrop	caladium	sibl
cotoneaster	blackthorn	sibl
grain	carrot	sibl
dock	rice	sibl
canna	parsley	sibl
refinery	houseman	false
monarda	caraway	sibl
cetacean	kayak	false
metatherian	foglamp	false
birch	nectarine	sibl
peacock	animal	hypo
whippet	tern	sibl
tobacco	safflower	sibl
gazanium	poppy	sibl
waterbuck	oligodendrocyte	false
mint	stela	false
refinery	squeaker	false
reindeer	tumbril	false
devilfish	vanity	false
tea	daphne	sibl
sorghum	taro	sibl
allamanda	bougainvillea	sibl
bushbaby	spathe	false
capsicum	lavender	sibl
peckerwood	troll	false
mint	watercraft	false
lemongrass	crabgrass	sibl
parroquet	rilievo	false
marmoset	monkey	hypo
gibbon	tern	sibl
isopod	pleopod	mero
sage	corn	sibl
warthog	sparrow	sibl
ferryboat	chamaeleon	false
dirigible	seersucker	false
jerboa	lanyard	false
refinery	doorstop	false
oats	ginger	sibl
refinery	maverick	false
refinery	receptacle	false
carrot	fennel	sibl
refinery	rankin	false
tautog	projection	false
mint	syringe	false
taro	cryptocoryne	sibl
senna	honeysuckle	sibl
pecan	plant	hypo
firefly	brachiopod	sibl
pineapple	strawberry	sibl
gentian	spermatophyte	hypo
refinery	unau	false
termite	postern	false
opossum	trout	sibl
lamprey	tyre	false
rabbit	uzi	false
refinery	cook	false
mulberry	coffee	sibl
plectognath	bosom	false
mint	sericocarpus	false
cumin	turmeric	sibl
steinbok	passage	false
fuchsia	gorse	sibl
grain	saxifrage	sibl
tiger	homozygote	false
peperomia	grain	sibl
beef	meltdown	false
soapwort	larkspur	sibl
eggplant	turmeric	sibl
bear	vessel	false
blackthorn	saltbush	sibl
tuatara	songbird	sibl
begonia	daisy	sibl
guava	maple	sibl
mint	softball	false
monarda	clover	sibl
milkweed	mullein	sibl
raccoon	walrus	sibl
sassaby	kookaburra	sibl
cryptocoryne	dogbane	sibl
shrewmouse	encaustic	false
metatherian	plumb	false
jasmine	artemisia	sibl
refinery	swineherd	false
mint	truck	false
iris	teff	sibl
angler	eyepiece	false
insectivore	mail	false
orangutan	waterbuck	sibl
swordfish	jet	false
cacao	neem	sibl
mint	lopholatilus	false
mint	aplectrum	false
refinery	gardiner	false
collembolan	pollinator	sibl
whippet	piranha	sibl
oleander	lentil	sibl
refinery	suit	false
hickory	elm	sibl
columbine	gazanium	sibl
refinery	oriole	false
strawberry	rue	sibl
frangipani	privet	sibl
mare	peccary	sibl
parsley	sage	sibl
refinery	redshank	false
dandelion	strawberry	sibl
asparagus	wintergreen	sibl
magnolia	breadfruit	sibl
bike	papa	false
monarda	rosemary	sibl
oxali	catmint	sibl
wisent	kite	sibl
powerboat	threadworm	false
angelica	thyme	sibl
microorganism	object	hypo
reindeer	hackle	false
duckbill	samizdat	false
cannabis	marijuana	mero
locoweed	wheatgrass	sibl
goldfish	thoroughbred	sibl
rhinoceros	sidetrack	false
saxifrage	sugarcane	sibl
adder	reptile	hypo
refinery	bukharin	false
kite	opossum	sibl
wheatgrass	cordgrass	sibl
refinery	polisher	false
poodle	orangutan	sibl
refinery	shirtmaker	false
peanut	stonecrop	sibl
gorilla	sloth	sibl
mint	asphodelus	false
rattan	alder	sibl
hemlock	yarrow	sibl
casuarina	peach	sibl
leopard	tiger	sibl
maple	breadfruit	sibl
leopard	lion	sibl
mink	gorilla	sibl
peppermint	locoweed	sibl
camel	demister	false
manzanita	blackthorn	sibl
vessel	cinnabar	false
refinery	stableboy	false
sparrow	tuatara	sibl
comfrey	turmeric	sibl
chicory	sundew	sibl
refinery	lovelace	false
lily	dogbane	sibl
honeybee	positioner	false
wheat	foxglove	sibl
poodle	thoroughbred	sibl
submersible	vessel	hypo
refinery	fluoroscope	false
tardigrade	coatrack	false
buckthorn	crowberry	sibl
cock	chordate	hypo
refinery	corynebacterium	false
garlic	gladiolus	sibl
langouste	atole	false
refinery	trematode	false
refinery	assimilator	false
refinery	transistor	false
refinery	poriferan	false
triton	purulence	false
pinon	plant	hypo
refinery	coroner	false
duck	lea	false
man	lacquerware	false
jay	vertebrate	hypo
dogbane	hemlock	sibl
thoroughbred	mammoth	sibl
refinery	buff	false
tuatara	trout	sibl
refinery	shareholder	false
refinery	paparazzo	false
lorry	pandar	false
grain	rape	sibl
daisy	cineraria	sibl
refinery	joel	false
anthozoan	splash	false
teak	neem	sibl
hovercraft	jet	sibl
nightwalker	frontlet	false
hog	warthog	sibl
mint	suture	false
refinery	tamer	false
rye	dandelion	sibl
teak	mangrove	sibl
gastropod	gunnysack	false
hyena	lion	sibl
piranha	fish	hypo
refinery	fiber	false
hinny	tuatara	sibl
pennyroyal	lemongrass	sibl
oleander	lamb	sibl
pokeweed	saxifrage	sibl
refinery	cornhusk	false
booby	gizmo	false
dock	bloodroot	sibl
gentian	gazanium	sibl
refinery	glockenspiel	false
mint	cymule	false
hydrillum	taro	sibl
mint	vegetarianism	false
cacao	dogwood	sibl
sage	sundew	sibl
birch	walnut	sibl
refinery	corer	false
pokeweed	bladderwort	sibl
sorghum	refinery	sibl
snowplow	helicopter	sibl
cowbird	magpie	sibl
hummingbird	eagle	sibl
pickerelweed	frogbit	sibl
nightshade	kale	sibl
whiting	wolffish	sibl
impala	housepaint	false
mint	spork	false
minnow	chick	sibl
parrot	chordate	hypo
refinery	jewelry	false
lily	camass	sibl
refinery	biennial	sibl
refinery	psocid	false
hazelnut	mulberry	sibl
salmon	sassaby	sibl
mint	hanky	false
lilac	blackthorn	sibl
spider	animal	hypo
astilbe	oxali	sibl
refinery	churchgoer	false
refinery	bookworm	false
hummingbird	woodpecker	sibl
wasp	aphid	sibl
ramp	annual	sibl
sassaby	lamprey	sibl
canna	rhubarb	sibl
wiggler	percussor	false
refinery	moneygrubber	false
dodo	turkey	sibl
mint	lateen	false
guppy	tuatara	sibl
chick	zebra	sibl
manatee	dugong	sibl
locoweed	ling	sibl
cormorant	pall	false
salpa	oscilloscope	false
ailanthus	bonsai	sibl
marmot	mammal	hypo
ash	magnolia	sibl
tea	camellia	sibl
oleander	lantana	sibl
millipede	piano	false
cony	comb	false
mint	anion	false
panther	throughput	false
arnica	ginger	sibl
kite	animal	hypo
beluga	phrontistery	false
sturgeon	thrush	sibl
hornwort	ornamental	sibl
eel	polisher	false
blackthorn	capsicum	sibl
phasianid	refectory	false
chamomile	phlox	sibl
coriander	rhubarb	sibl
otter	lorikeet	sibl
fig	pecan	sibl
refinery	ceratosaur	false
pronghorn	yak	sibl
refinery	tangle	false
cassava	artemisia	sibl
rhubarb	woad	sibl
nasturtium	henbane	sibl
lotte	sidebar	false
jackass	cromorne	false
sundew	ginger	sibl
sloth	chimpanzee	sibl
bighorn	anoa	sibl
refinery	pledge	false
ailanthus	elm	sibl
mallard	loo	false
mint	plank	false
refinery	permanent	false
dandelion	carrot	sibl
refinery	seducer	false
mesquite	gorse	sibl
osprey	lamprey	sibl
cavy	manometer	false
songbird	potoroo	sibl
zebra	platypus	sibl
pondweed	annual	sibl
refinery	relict	false
refinery	grownup	false
mint	chandelier	false
lemming	porcupine	sibl
mint	reducer	false
diapsid	weft	false
neem	pear	sibl
sleuthhound	graffito	false
box	capsicum	sibl
steenbok	shark	sibl
dock	mandrake	sibl
piglet	telephoto	false
lamb	pennyroyal	sibl
refinery	gamba	false
rattan	hickory	sibl
mint	coagulant	false
licorice	coleus	sibl
lorikeet	roadrunner	sibl
mint	autogyro	false
koala	coverall	false
grape	clemati	sibl
evergreen	amarylli	sibl
mint	loop	false
refinery	oxtongue	false
mint	patchwork	false
kookaburra	minnow	sibl
chimpanzee	gibbon	sibl
mint	knit	false
carabao	variometer	false
hen	cock	sibl
arachnid	arthropod	hypo
refinery	tricolour	false
glutton	yak	sibl
tulip	trillium	sibl
rhea	kookaburra	sibl
sorghum	lemongrass	sibl
boa	armoury	false
takin	bighorn	sibl
duckweed	perennial	sibl
refinery	wyatt	false
nasturtium	licorice	sibl
refinery	potholer	false
butterwort	horseradish	sibl
sage	coreopsis	sibl
mint	aqualung	false
lovebird	barbershop	false
whelk	invertebrate	hypo
termite	flea	sibl
cow	poll	mero
pismire	spill	false
loon	rubbing	false
goldenseal	reed	sibl
magnolia	ginkgo	sibl
refinery	caimito	false
chive	ornamental	sibl
mint	basidiospore	false
wheat	bamboo	sibl
refinery	ape	false
clover	oxali	sibl
refinery	bucket	false
refinery	xylem	false
reed	pokeweed	sibl
barrow	darrow	false
coupe	limousine	sibl
mint	lane	false
primate	gynophore	false
slug	sealing	false
dandelion	wheat	sibl
pachyderm	hyena	sibl
refinery	glazer	false
mint	dixie	false
refinery	aerogenerator	false
mint	hair	false
cavy	jerboa	sibl
lamb	onion	sibl
tulip	vetch	sibl
mint	parhelion	false
man	bod	mero
fuchsia	croton	sibl
refinery	guerilla	false
frogbit	radish	sibl
eucalyptus	fig	sibl
female	pest	sibl
monarda	buttercup	sibl
ling	iris	sibl
swallow	passerine	hypo
asparagus	bladderwort	sibl
saxifrage	horseradish	sibl
refinery	garrison	false
refinery	linden	false
refinery	canid	false
refinery	carpophore	false
refinery	trivet	false
potoroo	otter	sibl
mint	segway	false
spearmint	hydrillum	sibl
gentian	composite	sibl
cockatoo	cockateel	sibl
refinery	snowplow	false
monkey	primate	hypo
refinery	anne	false
capsicum	daphne	sibl
coyote	placental	hypo
refinery	marrow	false
tuna	huckaback	false
terrapin	diorama	false
refinery	ballast	false
centaury	shrub	hypo
refinery	horologe	false
refinery	kettering	false
buttercup	lettuce	sibl
pheasant	divan	false
sedan	car	hypo
clover	saxifrage	sibl
ram	bovid	hypo
mint	pindolol	false
camass	plant	hypo
mastodon	gewgaw	false
ram	vertebrate	hypo
songbird	otter	sibl
pachyderm	chordate	hypo
maranta	achillea	sibl
cormorant	karabiner	false
duckweed	lentil	sibl
cowpea	bean	sibl
annual	duckweed	sibl
jet	incurring	false
amarylli	gladiolus	sibl
pika	silverpoint	false
chelonian	chordate	hypo
mastodont	grail	false
mare	vicuna	sibl
trillium	snowberry	sibl
anglerfish	syringe	false
fish	radial	false
fennel	wintergreen	sibl
rat	secretaire	false
mint	sunscreen	false
tit	moldboard	false
helicopter	sled	sibl
periwinkle	shrub	hypo
hydrillum	hemlock	sibl
grunter	boll	false
wheat	ginger	sibl
blackthorn	buckthorn	sibl
hart	camel	sibl
tea	kenaf	sibl
pekan	fireside	false
mint	cuticle	false
tiger	carnivore	hypo
ling	radish	sibl
refinery	foe	false
paraquet	gnomon	false
butterwort	dandelion	sibl
beech	pomegranate	sibl
refinery	bragg	false
sheep	kernel	false
milkweed	rhubarb	sibl
crowberry	plant	hypo
mint	lens	false
refinery	moorfowl	false
sagebrush	pachysandra	sibl
millepede	pinata	false
refinery	plectrum	false
refinery	ezekiel	false
willow	elm	sibl
rottweiler	chordate	hypo
refinery	telfer	false
marmoset	photomosaic	false
mint	apron	false
woad	fenugreek	sibl
panther	puncture	false
lemongrass	hellebore	sibl
monarda	turmeric	sibl
refinery	dipteron	false
kookaburra	lorikeet	sibl
blackthorn	mesquite	sibl
humankind	gather	false
siphonophore	coalhole	false
metatherian	cromorne	false
refinery	handbook	false
yak	crosshead	false
mint	topsail	false
refinery	crawfish	false
conch	animal	hypo
wintergreen	chamomile	sibl
hackberry	papaya	sibl
locomotive	bicycle	sibl
onion	pennyroyal	sibl
artemisia	sumac	sibl
greasewood	senna	sibl
mosquito	termite	sibl
refinery	saguaro	false
mint	outerwear	false
refinery	purse	false
kookaburra	chick	sibl
dandelion	henbane	sibl
mayfly	bumblebee	sibl
chickweed	angelica	sibl
saloon	vanderbilt	false
soursop	olive	sibl
gannet	vertebrate	hypo
eelgrass	garlic	sibl
phasianid	slice	false
canid	corset	false
refinery	casquet	false
mint	ironmongery	false
ginger	turmeric	sibl
mint	keflex	false
mint	ouranopithecus	false
cormorant	disc	false
kayak	whippoorwill	false
hummingbird	bird	hypo
mint	electroplate	false
mint	insulant	false
salp	chordate	hypo
aardvark	fantail	false
arachnoid	overall	false
kite	shark	sibl
louse	insulation	false
tuna	poodle	sibl
grain	dock	sibl
mint	totality	false
pennyroyal	radish	sibl
guppy	trout	sibl
jack	vomit	false
forsythia	fuchsia	sibl
refinery	spermatocyte	false
elm	soursop	sibl
wheat	sundew	sibl
ferryboat	plainsman	false
mudskipper	ratel	sibl
strawberry	catmint	sibl
refinery	wirework	false
whirlybird	holbein	false
refinery	ravisher	false
poppy	coneflower	sibl
refinery	quince	false
begonia	angiosperm	hypo
cedar	tree	hypo
lamellibranch	bypath	false
greasewood	plant	hypo
tobacco	oxali	sibl
bicycle	sprocket	mero
fisher	storage	false
refinery	monocle	false
watercress	crucifer	hypo
buttercup	chicory	sibl
chordate	jabot	false
refinery	subjugator	false
sainfoin	galax	sibl
tamarisk	gooseberry	sibl
pyracantha	hawthorn	sibl
pangolin	tepal	false
refinery	underwing	false
mudskipper	raven	sibl
elk	centaur	false
apple	holly	sibl
origanum	achillea	sibl
critter	omnivore	sibl
refinery	cloisonne	false
mint	pipa	false
ladybug	leafhopper	sibl
refinery	supernumerary	false
plumbago	flax	sibl
buckthorn	currant	sibl
turtle	snood	false
mustard	plant	hypo
refinery	claustrophobe	false
perennial	biennial	sibl
refinery	fox	false
lagomorph	module	false
bobcat	polisher	false
arnica	safflower	sibl
stock	androphobia	false
refinery	rowanberry	false
saltbush	jasmine	sibl
caladium	stonecrop	sibl
pokeweed	corn	sibl
pecan	avocado	sibl
hart	machinery	false
puma	bombsight	false
otter	eyrie	false
refinery	redbelly	false
radish	pondweed	sibl
parsley	carrot	sibl
leafhopper	termite	sibl
mint	jig	false
mint	cryptomeria	false
refinery	zaman	false
platypus	animal	hypo
refinery	stingray	false
jalopy	confessor	false
mint	parquet	false
bellwort	delphinium	sibl
evergreen	sorghum	sibl
refinery	curie	false
cockatoo	plywood	false
locust	ctenophore	sibl
jaguar	pachyderm	sibl
carriage	supervisor	false
refinery	throw	false
whelk	tidemark	false
sugarcane	pineapple	sibl
refinery	hulk	false
parsnip	horseradish	sibl
fenugreek	clover	sibl
composite	valerian	sibl
deer	workbag	false
chimpanzee	shark	sibl
saltwort	senna	sibl
refinery	platy	false
gorgonian	bough	false
zinnia	marigold	sibl
mollusc	seat	false
ramp	radish	sibl
hare	lagomorph	hypo
soie	dogbane	sibl
crop	plant	hypo
poplar	plant	hypo
hazelnut	beech	sibl
daphne	honeysuckle	sibl
checkerberry	wintergreen	mero
cashew	mango	sibl
barberry	banksia	sibl
mullet	folio	false
refinery	opening	false
squealer	puddle	false
lancelet	eyrie	false
mint	lastex	false
rush	lotus	sibl
safflower	bloodroot	sibl
bettong	vertebrate	hypo
crane	chordate	hypo
cacomixle	hoodmold	false
pineapple	bladderwort	sibl
mint	majolica	false
coneflower	columbine	sibl
mudskipper	swordfish	sibl
vegetable	plant	hypo
mint	tetrachloroethylene	false
flamingo	turkey	sibl
thyme	foxglove	sibl
wintergreen	sainfoin	sibl
borage	thyme	sibl
bushbuck	cookhouse	false
metatherian	ballista	false
apricot	peach	sibl
mint	valve	false
hornbill	integrator	false
perch	hungary	false
peanut	pickerelweed	sibl
peppermint	cryptocoryne	sibl
haddock	chick	sibl
gemsbok	placentation	false
basil	goldenseal	sibl
tulip	camass	sibl
refinery	specializer	false
stonecrop	oleander	sibl
mint	festuca	false
rosemary	okra	sibl
loon	hostelry	false
alewife	finocchio	false
cock	sloth	sibl
amarylli	stonecrop	sibl
refinery	fogey	false
amarylli	camass	sibl
refinery	access	false
mosquito	syringe	false
gibbon	roadrunner	sibl
toucan	owl	sibl
aster	verbena	sibl
parroquet	greenroom	false
refinery	lind	false
taro	edda	mero
motorcar	tailfin	mero
refinery	jackass	false
vicuna	burro	sibl
pollinator	bug	sibl
caladium	frogbit	sibl
mint	smocking	false
refinery	glasswork	false
world	razorblade	false
daisy	cyclamen	sibl
lizard	noose	false
refinery	sassaby	false
pineapple	astilbe	sibl
box	forsythia	sibl
spider	tushery	false
lettuce	sage	sibl
tea	greasewood	sibl
coriander	herb	hypo
whippet	mammal	hypo
mink	raven	sibl
refinery	suckling	false
crocus	iris	sibl
teff	grass	hypo
piranha	plaque	false
mosquito	mayfly	sibl
dugong	superoxide	false
refinery	catholic	false
eelgrass	lentil	sibl
hog	device	false
refinery	velazquez	false
osprey	zebra	sibl
decapod	perfumery	false
violet	radish	sibl
carrot	basil	sibl
refinery	bootie	false
mint	macrocephalon	false
leech	share	false
refinery	flamen	false
refinery	avocet	false
groundhog	interlock	false
wasp	cuddy	false
beaver	pleximeter	false
hinny	chrysarobin	false
mint	synchronizer	false
dill	chickweed	sibl
puffin	penguin	sibl
eggplant	woad	sibl
rocket	horseradish	sibl
refinery	frijole	false
eucalyptus	cacao	sibl
refinery	claudius	false
angelica	oxali	sibl
refinery	greek	false
crocus	plant	hypo
limpet	whelk	sibl
buck	fox	sibl
sheep	mammal	hypo
livestock	sandbar	false
refinery	prodigal	false
rosemary	caraway	sibl
pecan	holly	sibl
pony	plyboard	false
carnation	angiosperm	hypo
cashew	olive	sibl
refinery	tieback	false
mint	supergiant	false
toucan	chordate	hypo
civet	bomb	false
refinery	schulz	false
elk	kerb	false
sainfoin	bloodroot	sibl
greasewood	broom	sibl
gladiolus	hemlock	sibl
orangutang	granary	false
mint	pterocarya	false
bison	ruminant	hypo
refinery	convict	false
peanut	peppermint	sibl
cyprinodont	fish	hypo
mollusc	carapace	mero
fenugreek	corn	sibl
grizzly	meat	false
agapanthus	lantana	sibl
refinery	aguacate	false
hyrax	drumhead	false
llama	placental	hypo
refinery	carlyle	false
maggot	universal	false
gorilla	cobblestone	false
dugong	gargoyle	false
mantis	cockroach	sibl
decapod	niche	false
caladium	vetch	sibl
gibbon	variable	false
grizzly	hyena	sibl
refinery	broker	false
teak	beech	sibl
stonecrop	turnip	sibl
tea	currant	sibl
mint	vela	false
quandang	quandong	mero
vole	dormouse	sibl
longhorn	cenotaph	false
butterwort	rue	sibl
mint	barrel	false
refinery	lacuna	false
mulberry	maple	sibl
turkey	eagle	sibl
refinery	khukuri	false
lorikeet	potoroo	sibl
refinery	horseshoer	false
shellflower	pondweed	sibl
waggon	mollah	false
neem	apple	sibl
stag	crematory	false
hazel	soursop	sibl
buckwheat	bloodroot	sibl
bryozoan	chisel	false
ash	dogwood	sibl
sage	watercress	sibl
songbird	sandpit	false
jackrabbit	leopard	sibl
lizard	diapsid	hypo
mint	kirsch	false
quince	maple	sibl
lamb	caladium	sibl
lavender	privet	sibl
mint	felt	false
eelgrass	ornamental	sibl
capsicum	saltwort	sibl
mint	crepe	false
racoon	cesspool	false
refinery	presley	false
minnow	roadrunner	sibl
mint	parasitaxus	false
locomotive	fender	mero
refinery	banneret	false
camellia	tea	sibl
cassava	tamarisk	sibl
gladiolus	refinery	sibl
astilbe	dandelion	sibl
rattlesnake	talcum	false
sable	vertebrate	hypo
mint	gamp	false
peanut	tulip	sibl
refinery	infotainment	false
pondweed	ling	sibl
warthog	minnow	sibl
orangutan	wallaby	sibl
refinery	entanglement	false
mulberry	hazelnut	sibl
mink	yak	sibl
wallflower	dahlia	sibl
conch	mollusk	hypo
world	paleoanthropology	false
carrot	coriander	sibl
refinery	sitwell	false
refinery	loganberry	false
quince	tree	hypo
refinery	chukka	false
refinery	vine	false
ass	dolman	false
pomegranate	tangerine	sibl
serow	bighorn	sibl
mint	chordophone	false
coleus	buckwheat	sibl
cyclamen	plant	hypo
gibbon	seal	sibl
ctenophore	locust	sibl
ship	quarter	mero
refinery	creditor	false
eucalyptus	guava	sibl
mint	etna	false
lamprey	tuna	sibl
refinery	scorer	false
buttercup	pokeweed	sibl
silvertip	pantheon	false
mammoth	sparrow	sibl
jalapeno	chilly	mero
seaplane	pintado	false
refinery	semite	false
mayfly	piccolo	false
alyssum	cabbage	sibl
pet	discrimination	false
refinery	hoosier	false
phalanger	vertebrate	hypo
barley	plant	hypo
refinery	arrowroot	false
apple	eucalyptus	sibl
mint	high	false
takin	exocet	false
dogwood	peach	sibl
parsnip	rhubarb	sibl
croton	honeysuckle	sibl
coreopsis	tomato	sibl
peacock	mantis	sibl
refinery	sonar	false
waterbuck	guppy	sibl
haddock	shrew	sibl
cephalopod	sandbox	false
yak	impala	sibl
safflower	plumbago	sibl
roadrunner	gorilla	sibl
brachiopod	phoronid	sibl
hummingbird	tegument	false
refinery	griffon	false
refinery	lynx	false
chick	yak	sibl
cacao	rattan	sibl
mint	magnifier	false
refinery	staple	false
louse	plumbing	false
mandrake	okra	sibl
refinery	pedophile	false
milkweed	belladonna	sibl
cotton	saltbush	sibl
panther	puzzle	false
badger	lunette	false
goat	mammal	hypo
refinery	budgerigar	false
songbird	waterbuck	sibl
mint	ament	false
refinery	trousering	false
mint	slot	false
refinery	saucepan	false
refinery	maven	false
anemone	coneflower	sibl
refinery	hosea	false
spearmint	herb	hypo
sundew	turmeric	sibl
ratite	chordate	hypo
jasmine	privet	sibl
redbreast	petard	false
tea	broom	sibl
bullfrog	scrimshaw	false
auk	animal	hypo
spider	arthropod	hypo
tunny	mascara	false
grizzly	loge	false
peccary	vertebrate	hypo
mink	meterstick	false
refinery	bergman	false
mint	celesta	false
woodlouse	salyut	false
refinery	lumber	false
mint	leukocyte	false
wapiti	flatiron	false
hydroid	spill	false
barrow	bush	false
muskrat	chordate	hypo
goldfish	sparrow	sibl
oak	pecan	sibl
ocelot	cymograph	false
cows	virginal	false
plumbago	foxglove	sibl
mandrake	corn	sibl
corn	okra	sibl
ox	cattle	hypo
gladiolus	onion	sibl
mite	foreskin	false
refinery	tutu	false
refinery	hakim	false
licorice	rosemary	sibl
artemisia	pyracantha	sibl
ramp	sorghum	sibl
henbane	carrot	sibl
steinbok	prospectus	false
cotton	hydrangea	sibl
jasmine	senna	sibl
carrot	strawberry	sibl
jay	oscine	hypo
gooseberry	fuchsia	sibl
mint	monoplane	false
cormorant	speedometer	false
mint	phthirus	false
skate	wolffish	sibl
leafhopper	scorpion	sibl
organism	plant	hypo
oiler	walkway	false
jackal	buck	sibl
mynah	tugboat	false
cony	searchlight	false
beef	staircase	false
beech	teak	sibl
mint	fosse	false
box	manzanita	sibl
strawberry	mullein	sibl
rocket	wheat	sibl
airship	bootblack	false
goby	chapeau	false
refinery	racoon	false
coriander	coreopsis	sibl
refinery	eudiometer	false
refinery	wheatstone	false
refinery	brisling	false
wombat	marsupial	hypo
turmeric	parsley	sibl
goldfish	vertebrate	hypo
refinery	tantalizer	false
whippet	leopard	sibl
refinery	sable	false
coreopsis	phlox	sibl
neem	casuarina	sibl
goat	entree	false
hen	aba	false
ermine	weasel	hypo
hornbill	toucan	sibl
sugarcane	comfrey	sibl
refinery	clock	false
refinery	waveguide	false
titmouse	wolf	sibl
hog	ungulate	hypo
avocado	neem	sibl
pecan	quince	sibl
refinery	oceanographer	false
hyacinth	alstroemeria	sibl
alewife	hayfork	false
shrimp	playhouse	false
bassarisk	photoflood	false
abalone	gastropod	hypo
fluke	payload	false
oryx	scissors	false
wheat	bloodroot	sibl
goldfish	opossum	sibl
manatee	chordate	hypo
refinery	dominick	false
hyena	whippet	sibl
refinery	toter	false
wallaby	gibbon	sibl
mint	lisle	false
beech	avocado	sibl
privet	grevillea	sibl
snowberry	pennyroyal	sibl
pear	papaya	sibl
rosemary	fennel	sibl
refinery	winnebago	false
buttercup	fenugreek	sibl
mustang	charabanc	false
stock	seedling	sibl
dill	mullein	sibl
saxifrage	oats	sibl
rhea	eurocentrism	false
fescue	herb	hypo
chick	gibbon	sibl
mint	telfer	false
cowbird	auriga	false
raccoon	jackal	sibl
saltbush	gooseberry	sibl
mango	pinon	sibl
redbreast	trunk	false
refinery	pencil	false
homeotherm	trephine	false
owl	pickelhaube	false
mammalian	toilet	false
tulip	lamb	sibl
millipede	mite	sibl
evergreen	camass	sibl
nasturtium	dock	sibl
kid	absorbent	false
liza	flash	false
tautog	stomacher	false
dill	plant	hypo
saxifrage	clover	sibl
dandelion	sesame	sibl
mint	animalization	false
monarda	sundew	sibl
turnip	cauliflower	sibl
squid	decapod	hypo
refinery	galbulus	false
locomotive	skateboard	sibl
spearmint	stonecrop	sibl
refinery	meson	false
gorilla	mudskipper	sibl
wheatgrass	hemlock	sibl
wasp	roughcast	false
potoroo	thoroughbred	sibl
refinery	granddad	false
mussel	panfish	false
badger	nasdaq	false
refinery	capitalist	false
monkey	telecom	false
basil	ginger	sibl
indigo	cassava	sibl
refinery	burnouse	false
yarrow	vetch	sibl
basil	reed	sibl
ladybeetle	turning	false
porcupine	chordate	hypo
refinery	surety	false
refinery	storybook	false
coypu	boathouse	false
leopard	bat	sibl
motorcar	tahitian	false
anaconda	macule	false
kine	epicarp	false
mint	testacea	false
hearse	streetcar	sibl
refinery	photoflood	false
refinery	gazetteer	false
yarrow	shellflower	sibl
mynah	circle	false
birch	macadamia	sibl
lobster	krill	sibl
mint	dipus	false
refinery	pediatrician	false
borage	ginger	sibl
rattan	casuarina	sibl
sloth	armadillo	sibl
ginkgo	apple	sibl
elk	pick	false
glutton	lamprey	sibl
albatross	turban	false
hazelnut	ailanthus	sibl
safflower	sugarcane	sibl
gorilla	rottweiler	sibl
steinbok	hypsometer	false
buggy	kirchner	false
wallaby	pantheon	false
wisent	songbird	sibl
refinery	jacamar	false
refinery	mayor	false
refinery	bugleweed	false
antelope	phylloclade	false
snowmobile	oxonian	false
medusa	radiology	false
potoroo	mink	sibl
refinery	adaptor	false
tit	cowling	false
comfrey	bladderwort	sibl
lupine	tulip	sibl
crustacean	heliogravure	false
mint	supercilium	false
groundhog	placental	hypo
eutherian	gantry	false
dogwood	macadamia	sibl
mouflon	kiang	sibl
rattan	guava	sibl
refinery	font	false
ringtail	sordino	false
pismire	glider	false
yak	fecalith	false
calf	foal	sibl
mint	quarterly	false
pismire	snuggery	false
gorilla	trout	sibl
peckerwood	guillotine	false
sundew	celery	sibl
refinery	basin	false
coneflower	daisy	sibl
monotreme	postern	false
mint	hadron	false
vicuna	springbok	sibl
dingo	seal	sibl
mango	eucalyptus	sibl
mint	hylophylax	false
rocket	milkweed	sibl
refinery	schnook	false
buck	leopard	sibl
crustacean	claw	mero
hydroid	pellicle	false
mandrake	rocket	sibl
takin	synchromesh	false
sunflower	flower	hypo
refinery	bracken	false
broom	lilac	sibl
rabbit	cesspit	false
herb	vegetable	mero
shellflower	biennial	sibl
mint	newmarket	false
dandelion	fennel	sibl
beluga	headpin	false
refinery	slater	false
pismire	hatch	false
buttercup	astilbe	sibl
pony	equine	hypo
porcupine	dormouse	sibl
crawdad	salesroom	false
refinery	sundress	false
human	bod	mero
cinnamon	plant	hypo
raven	magpie	sibl
hog	inventory	false
motorcar	accelerator	mero
rocket	rye	sibl
mint	osteoblast	false
refinery	cohune	false
wasp	workroom	false
peccary	balldress	false
hemlock	oleander	sibl
taxicab	meristem	false
stallion	equine	hypo
ling	trillium	sibl
refinery	superhet	false
refinery	cladding	false
sesame	cardamom	sibl
refinery	slovenian	false
refinery	pipistrelle	false
eel	foghorn	false
mint	tadorna	false
refinery	houri	false
currant	plant	hypo
cannabis	elder	sibl
cart	vibraphonist	false
galax	eggplant	sibl
waterbird	demijohn	false
tangerine	quince	sibl
peperomia	buckwheat	sibl
saltwort	plant	hypo
lotus	hornwort	sibl
mint	homozygote	false
angelica	banana	sibl
hydrillum	eelgrass	sibl
mint	chanter	false
bloodhound	placental	hypo
mint	jak	false
kite	vertebrate	hypo
locomotive	snowplow	sibl
zinnia	petunia	sibl
rocket	oxali	sibl
snailfish	airdrome	false
leopard	chartreuse	false
hen	firetrap	false
dock	plant	hypo
mint	caryopsis	false
frangipani	juneberry	sibl
prongbuck	sidecar	false
perennial	yarrow	sibl
dunnock	kicksorter	false
refinery	sheatfish	false
pecan	hazelnut	sibl
coriander	asparagus	sibl
refinery	teetotalist	false
mullein	chickweed	sibl
shipworm	throw	false
ornamental	chive	sibl
croton	indigo	sibl
refinery	gaoler	false
refinery	cracker	false
nectarine	hazelnut	sibl
blackfish	elastoplast	false
cockatiel	tricolour	false
gemsbok	ruminant	hypo
woad	sainfoin	sibl
ailanthus	coffee	sibl
carrot	watercress	sibl
guava	rattan	sibl
refinery	hadji	false
racoon	gilding	false
muskrat	rat	sibl
elephant	savitar	false
locust	shrimp	sibl
mint	gut	false
warthog	chimpanzee	sibl
refinery	lovage	false
ratel	mink	sibl
haddock	platypus	sibl
crow	pyrography	false
refinery	para	false
macadamia	papaya	sibl
hackberry	neem	sibl
dandelion	chickweed	sibl
refinery	tribade	false
kookaburra	tuatara	sibl
piglet	harp	false
penguin	bombazine	false
mint	antiprotozoal	false
refinery	garlic	sibl
refinery	pippin	false
opossum	chick	sibl
radish	lotus	sibl
mint	anasa	false
turmeric	bamboo	sibl
liza	animal	hypo
zebra	tuatara	sibl
cherry	teak	sibl
bug	bra	false
puppy	remake	false
mint	packaging	false
thrush	titmouse	sibl
mint	contrivance	false
refinery	scratchpad	false
bat	mammal	hypo
refinery	lorgnette	false
refinery	innocent	false
asparagus	rhubarb	sibl
celery	strawberry	sibl
hamster	barbwire	false
refinery	lawman	false
needlefish	arbalest	false
alder	oak	sibl
hummingbird	representation	false
dandelion	arnica	sibl
refinery	cybernaut	false
broom	banksia	sibl
scincid	toupe	false
refinery	flybridge	false
otter	seal	sibl
toucan	whiffletree	false
woodpecker	hoopo	sibl
fish	roe	mero
grain	strawberry	sibl
asparagus	buttercup	sibl
refinery	yemeni	false
dugong	superstring	false
refinery	baggageman	false
mammoth	salmon	sibl
snowplow	trailer	sibl
dotterel	animal	hypo
pureblood	barrack	false
mint	saxophone	false
kenaf	cotoneaster	sibl
refinery	stonewaller	false
eggplant	watercress	sibl
camass	rush	sibl
refinery	baroness	false
mangrove	neem	sibl
allamanda	ivy	sibl
livestock	vertebrate	hypo
refinery	maginot	false
dray	timorese	false
refinery	brooke	false
burdock	sagebrush	sibl
osprey	cock	sibl
burro	kiang	sibl
ling	ornamental	sibl
rocket	tricycle	sibl
feline	mammal	hypo
leek	frogbit	sibl
mint	bitt	false
refinery	salmonberry	false
brahman	ungulate	hypo
agapanthus	stonecrop	sibl
wapiti	sonar	false
cephalochordate	animal	hypo
cuckoo	kingfisher	sibl
tuna	glutton	sibl
refinery	meniere	false
eutherian	craft	false
mint	connective	false
nymphalid	heliograph	false
hazel	alder	sibl
chariot	crowfoot	false
onion	pondweed	sibl
wolf	buzzer	false
hawthorn	capsicum	sibl
anglerfish	video	false
ailanthus	eucalyptus	sibl
cuttle	display	false
refinery	promenade	false
snail	duplication	false
biennial	teff	sibl
refinery	shepherdess	false
saxifrage	rape	sibl
mint	crupper	false
zebra	wombat	sibl
bryozoan	skein	false
artemisia	frangipani	sibl
spider	brachiopod	sibl
odonate	prefab	false
refinery	goffer	false
refinery	salpiglossis	false
refinery	rimbaud	false
beech	macadamia	sibl
refinery	necklet	false
refinery	genet	false
mint	shunt	false
comfrey	okra	sibl
aphid	mosquito	sibl
astilbe	oats	sibl
agapanthus	cryptocoryne	sibl
refinery	squirter	false
arnica	nasturtium	sibl
refinery	haversack	false
terrapin	chordate	hypo
mole	glutton	sibl
refinery	mustard	false
dugong	leopard	sibl
snapdragon	flower	hypo
wheat	monarda	sibl
refinery	kettledrum	false
refinery	gardenia	false
tobacco	ginger	sibl
duckbill	keelboat	false
locomotive	footplate	mero
tulip	annual	sibl
refinery	chippendale	false
basil	corn	sibl
pyracantha	rose	sibl
refinery	doodle	false
mammoth	opossum	sibl
refinery	dj	false
rice	bloodroot	sibl
dingo	hyena	sibl
refinery	heel	false
cotoneaster	hawthorn	sibl
astilbe	butterwort	sibl
rue	arnica	sibl
sub	breather	mero
butterwort	peperomia	sibl
magnolia	pomegranate	sibl
refinery	counterman	false
prawn	barnacle	sibl
spearmint	tulip	sibl
tick	intifadah	false
anemone	daisy	sibl
crop	hyacinth	sibl
foxglove	phlox	sibl
mint	praunus	false
hazel	cacao	sibl
mint	metroxylon	false
refinery	crocus	false
refinery	samphire	false
lentil	lupine	sibl
refinery	guzzler	false
lamb	ramp	sibl
begonia	coneflower	sibl
refinery	tactician	false
hogg	belmont	false
ramp	trillium	sibl
bloodroot	woad	sibl
fawn	elk	sibl
daisy	flower	hypo
jaguarundi	cat	hypo
refinery	lugger	false
otter	mink	sibl
cannabis	cranberry	sibl
warthog	sloth	sibl
planarian	pantry	false
leek	plant	hypo
goldenseal	oxali	sibl
anemone	aster	sibl
bougainvillea	watermelon	sibl
mint	diffuser	false
ladybug	insect	hypo
refinery	kaunda	false
asparagus	pineapple	sibl
mint	lopper	false
asparagus	bamboo	sibl
olive	fig	sibl
swallow	weasel	sibl
mangrove	pomegranate	sibl
mint	phleum	false
mint	mcintosh	false
mint	bottlecap	false
asparagus	borage	sibl
wolffish	falderol	false
dodder	grape	sibl
refinery	saudi	false
grain	chamomile	sibl
lamprey	waterbuck	sibl
papaya	oak	sibl
raccoon	synchroniser	false
yak	platypus	sibl
mint	succinylcholine	false
waterbuck	tuna	sibl
lobworm	roadblock	false
peony	coneflower	sibl
swan	bird	hypo
mint	peplum	false
sundew	dandelion	sibl
peony	dahlia	sibl
seal	jackrabbit	sibl
burro	sambar	sibl
refinery	person	false
ramp	peppermint	sibl
refinery	acheson	false
manatee	jackal	sibl
mint	nevirapine	false
parakeet	dowel	false
reed	caraway	sibl
cow	bovine	hypo
ratel	shrew	sibl
mint	sazerac	false
sorghum	evergreen	sibl
pennyroyal	eelgrass	sibl
mint	kirpan	false
lime	orange	sibl
refinery	switchblade	false
foal	grocery	false
gemsbok	whipstitching	false
hornbill	owl	sibl
glider	bicycle	sibl
salal	cotoneaster	sibl
mastodon	gear	false
game	muumuu	false
bloodworm	centreboard	false
mint	ranitidine	false
vicuna	caber	false
mare	dorm	false
horsetail	strobilus	mero
mint	surfactant	false
ambulance	cook	false
sunflower	valerian	sibl
mint	hypnotic	false
hydrangea	juneberry	sibl
shorebird	mend	false
hornbill	vertebrate	hypo
refinery	blackheart	false
refinery	throat	false
biennial	shellflower	sibl
tortoise	reptile	hypo
refinery	monolith	false
refinery	roosevelt	false
guava	ginkgo	sibl
leek	hemlock	sibl
bloodroot	goldenseal	sibl
gladiolus	lemongrass	sibl
basil	caraway	sibl
refinery	crosby	false
genet	pimlico	false
whiting	surfboat	false
refinery	chimneysweep	false
refinery	seminole	false
refinery	filaria	false
jaguar	seal	sibl
refinery	castillian	false
salmon	lorikeet	sibl
refinery	neoplatonist	false
hawk	kennel	false
angelica	foxglove	sibl
shrew	swordfish	sibl
refinery	tug	false
condor	telescopium	false
chinchilla	menthol	false
flathead	broadaxe	false
wallaby	kangaroo	hypo
henbane	comfrey	sibl
pollywog	minisubmarine	false
rue	coleus	sibl
refinery	arranger	false
calf	gharry	false
refinery	newsvendor	false
plumbago	comfrey	sibl
swallow	oscine	hypo
jay	passerine	hypo
parsnip	pineapple	sibl
indigo	camellia	sibl
refinery	tarantino	false
refinery	seb	false
refinery	dekker	false
steenbok	ungulate	hypo
hummingbird	lavabo	false
mint	audiotape	false
refinery	nightshirt	false
angelica	rice	sibl
milkweed	sugarcane	sibl
cotoneaster	honeysuckle	sibl
rice	cardamom	sibl
possum	fridge	false
refinery	wryneck	false
emu	ignitor	false
refinery	compton	false
thyme	tomato	sibl
rocket	dock	sibl
refinery	montanan	false
dahlia	verbena	sibl
refinery	monstera	false
critter	giant	sibl
apricot	willow	sibl
walrus	roadrunner	sibl
waterbuck	yak	sibl
camellia	salal	sibl
tuatara	pika	sibl
langouste	pry	false
pufferfish	puffer	mero
gorilla	goldfish	sibl
larva	animal	hypo
roadster	congenator	false
mullein	pineapple	sibl
mallard	fermion	false
refinery	algerian	false
mint	elevation	false
refinery	lining	false
poodle	mammal	hypo
refinery	ailey	false
lobster	amphipod	sibl
mint	dulciana	false
barley	oats	sibl
mint	tucana	false
barracuda	flatfish	sibl
refinery	industrialist	false
beaver	coypu	sibl
refinery	russet	false
velocipede	coiffeuse	false
mint	afterburner	false
woodpecker	flamingo	sibl
tug	helm	mero
lentil	pickerelweed	sibl
hart	roebuck	sibl
wasp	pollinator	sibl
mandrake	phlox	sibl
refinery	dun	false
mint	onychophora	false
turmeric	borage	sibl
nuthatch	pithead	false
nyala	coverall	false
rhea	bird	hypo
arthropod	sclerite	mero
pika	lamprey	sibl
caraway	thyme	sibl
cumin	dandelion	sibl
pineapple	rosemary	sibl
refinery	tamarillo	false
refinery	beard	false
warthog	scintilla	false
refinery	entomologist	false
bison	portcullis	false
mint	festoon	false
refinery	bra	false
jimsonweed	croton	sibl
mint	bareboat	false
pipefish	fish	hypo
soursop	guava	sibl
archosaurian	opera	false
refinery	statuette	false
pondweed	amarylli	sibl
trillium	lemongrass	sibl
refinery	denizen	false
archosaurian	deuteron	false
mint	atabrine	false
coney	polisher	false
oleander	iris	sibl
refinery	warrigal	false
hummingbird	sarape	false
magnolia	elm	sibl
mint	dishrag	false
blackthorn	currant	sibl
salal	buckthorn	sibl
refinery	saxifrage	false
mint	calash	false
hickory	ash	sibl
grain	sesame	sibl
gadoid	fish	hypo
bunny	skylight	false
otter	raven	sibl
hackberry	alder	sibl
barracuda	secateurs	false
refinery	kindergartner	false
maranta	goosefoot	sibl
mint	epinephelus	false
refinery	maculation	false
pinon	fig	sibl
saxifrage	cardamom	sibl
otter	chick	sibl
refinery	apologist	false
chive	ling	sibl
albatross	beefcake	false
pollywog	genre	false
caterpillar	overhead	false
pyracantha	lavender	sibl
oxali	banana	sibl
cardamom	foxglove	sibl
nematode	cable	false
parsnip	sundew	sibl
mint	sheetrock	false
chimp	motorbus	false
cherry	apple	sibl
homoiotherm	twill	false
chicory	astilbe	sibl
oryx	smokestack	false
comfrey	sugarcane	sibl
redbreast	busby	false
refinery	clinch	false
saltwort	jimsonweed	sibl
ostrich	ratite	hypo
tuatara	seal	sibl
anoa	ungulate	hypo
lupine	alstroemeria	sibl
saltwort	protea	sibl
hare	ulster	false
refinery	scotchman	false
okra	glasswort	sibl
refinery	wurlitzer	false
refinery	algonkin	false
refinery	ulfila	false
pawpaw	papaw	mero
refinery	poker	false
marten	pavement	false
plumbago	arnica	sibl
tuatara	oriflamme	false
lamprey	mammoth	sibl
refinery	foliation	false
refinery	placekicker	false
valerian	angiosperm	hypo
tobacco	plant	hypo
refinery	planck	false
belladonna	peperomia	sibl
refinery	vireo	false
wombat	potoroo	sibl
mint	bottle	false
mint	weizenbock	false
edentate	ironclad	false
chimpanzee	mule	sibl
refinery	slapper	false
tomato	glasswort	sibl
carrot	sundew	sibl
crow	nuthatch	sibl
hemlock	chive	sibl
leafhopper	krill	sibl
refinery	sydenham	false
nasturtium	eggplant	sibl
refinery	poler	false
rye	plant	hypo
oats	flax	sibl
manzanita	honeysuckle	sibl
tram	jewelry	false
kite	anaglyph	false
giraffe	ruminant	hypo
bivalve	bassinet	false
packrat	chordate	hypo
cart	shannon	false
roadrunner	kite	sibl
tractor	chalcid	false
roadster	pyracantha	false
refinery	grout	false
saltbush	crowberry	sibl
refinery	green	false
locoweed	hydrillum	sibl
monarda	ginger	sibl
mint	actifed	false
refinery	arbitrageur	false
chick	goldfish	sibl
thyme	nasturtium	sibl
buttercup	fennel	sibl
parsley	eggplant	sibl
cashew	hickory	sibl
lemming	packrat	sibl
refinery	whisperer	false
dill	rocket	sibl
wintergreen	tobacco	sibl
refinery	nanak	false
refinery	parroquet	false
platyhelminth	kaleidoscope	false
refinery	brasier	false
saltwort	gorse	sibl
gazanium	spermatophyte	hypo
mint	tuffet	false
lobster	firefly	sibl
cowbird	oscine	hypo
otter	pt	false
cephalopod	shag	false
swine	vertebrate	hypo
wapiti	windowsill	false
macadamia	holly	sibl
angelica	coreopsis	sibl
peony	spermatophyte	hypo
celery	monarda	sibl
gnu	blackbuck	sibl
hornwort	lupine	sibl
refinery	toucanet	false
refinery	spaniard	false
refinery	princess	false
coelenterate	headshot	false
homeotherm	pet	sibl
nasturtium	chickweed	sibl
grunter	trotter	mero
anemone	plant	hypo
booby	gannet	hypo
cow	dryer	false
carriage	ideologist	false
pollinator	ctenophore	sibl
quarry	ethernet	false
refinery	schipperke	false
coneflower	sunflower	sibl
predator	giant	sibl
refinery	sinanthropus	false
refinery	banding	false
warthog	sassaby	sibl
hazel	tangerine	sibl
refinery	coffee	false
woodchuck	flume	false
phlox	milkweed	sibl
chamomile	cumin	sibl
invertebrate	assagai	false
constrictor	animal	hypo
sorghum	rush	sibl
buck	jackrabbit	sibl
artemisia	cassava	sibl
strawberry	turmeric	sibl
refinery	pardner	false
comfrey	canna	sibl
refinery	embossment	false
walrus	hinny	sibl
reed	bloodroot	sibl
alstroemeria	ornamental	sibl
oak	alder	sibl
sorghum	onion	sibl
trillium	hellebore	sibl
arum	plant	hypo
chickweed	foxglove	sibl
iguanid	dirndl	false
refinery	osprey	false
bamboo	borage	sibl
titmouse	lacuna	false
univalve	fipple	false
passionflower	watermelon	sibl
dogwood	fig	sibl
sugarcane	lobelia	sibl
tomato	dill	sibl
onion	camass	sibl
pokeweed	rocket	sibl
handcart	hold	mero
mint	cortinarius	false
ephemerid	grasshopper	sibl
refinery	aaron	false
mustard	herb	hypo
odonate	cane	false
mullein	strawberry	sibl
grain	dill	sibl
mint	smoothbore	false
refinery	fresco	false
honeysuckle	jasmine	sibl
safflower	cumin	sibl
cirripede	pastiche	false
airplane	pod	mero
soie	peppermint	sibl
mint	tablecloth	false
refinery	cod	false
chick	gorilla	sibl
dill	sundew	sibl
refinery	taw	false
refinery	nullifier	false
basil	chickweed	sibl
squid	shipworm	sibl
refinery	overmantel	false
refinery	hellman	false
foxglove	sugarcane	sibl
rose	juneberry	sibl
univalve	cheekpiece	false
gooseberry	broom	sibl
ambulance	car	hypo
refinery	hemiparasite	false
groundhog	mammal	hypo
banana	rosemary	sibl
rape	tomato	sibl
moped	motorcycle	hypo
catmint	banana	sibl
nightcrawler	flagstaff	false
box	yucca	sibl
frogbit	chive	sibl
mint	landscape	false
sedge	mustard	sibl
hellebore	yarrow	sibl
skate	raie	hypo
refinery	sunburst	false
tobacco	monarda	sibl
roadrunner	glutton	sibl
mint	trichoptera	false
hydrangea	grevillea	sibl
salmonid	prophyll	false
submarine	vessel	hypo
oxen	queue	false
rice	caraway	sibl
parsnip	galax	sibl
ginkgo	pinon	sibl
indigo	box	sibl
jaguar	fox	sibl
celery	corn	sibl
ermine	rowel	false
oxali	corn	sibl
refinery	alidad	false
plectognath	home	false
refinery	antiaircraft	false
refinery	highroad	false
dugong	doorlock	false
foxglove	goldenseal	sibl
onager	roebuck	sibl
amaranth	belladonna	sibl
refinery	chamfer	false
refinery	endicott	false
rhino	gadgetry	false
refinery	toper	false
thyme	grain	sibl
refinery	plum	false
cucumber	cuke	mero
aurochs	batik	false
refinery	swallowtail	false
ornamental	soie	sibl
ginkgo	casuarina	sibl
bushbaby	consuetudinary	false
violet	lemongrass	sibl
hydrangea	lavender	sibl
beluga	animal	hypo
crop	vetch	sibl
rig	rumble	mero
mint	anura	false
mustard	cress	sibl
wisent	giraffe	sibl
rape	pokeweed	sibl
refinery	mohican	false
ginger	amaranth	sibl
blaeberry	whortleberry	mero
greasewood	tamarisk	sibl
mastodon	prune	false
lobster	leafhopper	sibl
mint	trave	false
refinery	motmot	false
chimpanzee	whippet	sibl
blackthorn	cotoneaster	sibl
mint	zantedeschia	false
pickup	vehicle	hypo
mule	guppy	sibl
monarda	chamomile	sibl
protea	camellia	sibl
conch	turbogenerator	false
rice	corn	sibl
phalanger	pump	false
yak	tern	sibl
mustang	equine	hypo
python	cote	false
anemone	composite	sibl
lotus	iris	sibl
parakeet	spyhole	false
turnip	lantana	sibl
plantain	geranium	sibl
ginseng	chickweed	sibl
hen	raven	sibl
ptarmigan	radiomicrometer	false
willow	pear	sibl
refinery	roamer	false
roebuck	semi	false
lark	immunity	false
nyala	blackbuck	sibl
shellflower	lamb	sibl
marsupial	local	false
refinery	knee	false
refinery	drosky	false
siphonophore	mayfly	sibl
bladderwort	phlox	sibl
tuatara	raven	sibl
coleus	ginger	sibl
refinery	fisher	false
pea	duckweed	sibl
ermine	aerie	false
lion	grizzly	sibl
swordfish	mink	sibl
streetcar	trailer	sibl
yacht	bicycle	sibl
mint	species	false
foetus	stopwatch	false
cockle	animal	hypo
shoat	stoop	false
barnacle	amphipod	sibl
millepede	header	false
reindeer	last	false
redbud	cashew	sibl
nyala	steenbok	sibl
roebuck	piton	false
mint	peripheral	false
oats	corn	sibl
waterbuck	grus	false
warthog	painting	false
platypus	chordate	hypo
springbok	roebuck	sibl
capybara	gerbil	sibl
gaur	victrola	false
refinery	calash	false
weasel	carnivore	hypo
chive	agapanthus	sibl
platypus	raven	sibl
jerboa	demodulation	false
shrimp	ladybug	sibl
annelid	daybook	false
onion	oleander	sibl
refinery	chambray	false
saltwort	shrub	hypo
songbird	chick	sibl
belladonna	sesame	sibl
crop	alstroemeria	sibl
kid	nilgai	sibl
scombroid	pitchfork	false
refinery	altazimuth	false
refinery	shield	false
millipede	twine	false
mint	bomblet	false
pyracantha	barberry	sibl
railcar	pontiff	false
mint	etching	false
refinery	scratch	false
angelica	ginger	sibl
bunny	nick	false
pea	annual	sibl
willow	breadfruit	sibl
elk	vaporizer	false
jerboa	culdoscope	false
casuarina	mango	sibl
brachiopod	broadside	false
eggplant	sundew	sibl
refinery	gofer	false
biennial	wheatgrass	sibl
coleus	fennel	sibl
basil	asparagus	sibl
refinery	poussin	false
whelp	maisonette	false
alstroemeria	wheatgrass	sibl
potoroo	minnow	sibl
rape	dandelion	sibl
gorse	cassava	sibl
macadamia	hickory	sibl
tea	frangipani	sibl
aphid	turnspit	false
mint	nypa	false
jerboa	mouse	sibl
mouflon	modification	false
flamingo	roadkill	false
yak	proctoscope	false
mint	gash	false
rape	plumbago	sibl
mint	quadruplicate	false
sesame	turmeric	sibl
refinery	extern	false
refinery	hubble	false
mint	dermoptera	false
refinery	quoit	false
cockle	volute	false
okra	sundew	sibl
lettuce	plumbago	sibl
prawn	mosquito	sibl
mint	meat	false
refinery	sportswriter	false
refinery	succulent	false
pinon	teak	sibl
ganoid	chukka	false
sesame	parsley	sibl
rattlesnake	reptile	hypo
carrot	rape	sibl
warrigal	nard	false
mint	dietary	false
refinery	faberge	false
refinery	modillion	false
hyacinth	ramp	sibl
chicken	pants	false
cow	rowanberry	false
pollywog	antiaircraft	false
alstroemeria	crocus	sibl
turmeric	dill	sibl
buttercup	rhubarb	sibl
refinery	babirussa	false
galago	placental	hypo
glutton	guppy	sibl
mint	limiter	false
poodle	ratel	sibl
pomegranate	mangrove	sibl
hummingbird	limpkin	sibl
bushbuck	velum	false
refinery	gautama	false
refinery	snare	false
mint	amontillado	false
refinery	sherrington	false
fly	quadrangle	false
lamb	gladiolus	sibl
refinery	timepiece	false
mint	highroad	false
nasturtium	flax	sibl
butterwort	arnica	sibl
evergreen	cryptocoryne	sibl
refinery	vicuna	false
millipede	radiator	false
refinery	pennyroyal	false
amaranth	rocket	sibl
oleander	spearmint	sibl
cotton	tea	sibl
millet	herb	hypo
bladderwort	wintergreen	sibl
grub	plough	false
louse	bradawl	false
bomber	airplane	hypo
mint	mainspring	false
seagull	pinna	false
refinery	druid	false
refinery	matman	false
diapsid	microphage	false
rattlesnake	whinstone	false
amphipod	meteoroid	false
redbud	olive	sibl
slater	scattergun	false
dodo	hummingbird	sibl
refinery	comatulid	false
mint	pogonophora	false
sugarcane	bladderwort	sibl
walrus	loadstar	false
refinery	cither	false
refinery	course	false
refinery	vitalizer	false
coney	tachymeter	false
serow	stalk	false
cashew	neem	sibl
mint	stockpot	false
slater	vambrace	false
fig	maple	sibl
astilbe	celery	sibl
refinery	blighter	false
mint	bevatron	false
octopus	mollusk	hypo
borage	rape	sibl
ass	chordate	hypo
gladiolus	leek	sibl
guar	pea	sibl
hyrax	pitfall	false
kiang	springbok	sibl
refinery	warmonger	false
refinery	dogbane	sibl
refinery	recorder	false
refinery	crier	false
elasmobranch	bandwagon	false
gaur	millwork	false
gorilla	mole	sibl
canna	rape	sibl
ship	practitioner	false
lilac	greasewood	sibl
pomegranate	teak	sibl
comfrey	phlox	sibl
elm	quince	sibl
banana	okra	sibl
refinery	mastocyte	false
cirriped	paperclip	false
hydra	animal	hypo
bamboo	monarda	sibl
lobworm	fraise	false
refinery	alumnus	false
refinery	maze	false
honeysuckle	tea	sibl
slug	carpentry	false
cannabis	marihuana	mero
coreopsis	watercress	sibl
gladiolus	pea	sibl
jack	tapir	sibl
mint	nephrotoxin	false
saxifrage	ginger	sibl
refinery	nuffield	false
oligochaete	yawl	false
apple	coffee	sibl
apricot	dogwood	sibl
refinery	paraph	false
lemming	minicomputer	false
sassaby	tuba	false
amaranth	eggplant	sibl
mint	myelogram	false
needlefish	kalashnikov	false
elk	helicopter	false
woad	coriander	sibl
refinery	pisser	false
saxifrage	chickweed	sibl
collembolan	ulster	false
locomotive	vehicle	hypo
refinery	animator	false
refinery	silkworm	false
ship	gyrostabiliser	mero
piggy	television	false
parrot	sharpener	false
hen	vertebrate	hypo
mint	whirligig	false
daisy	gazanium	sibl
refinery	pennsylvanian	false
refinery	guitarist	false
cock	mole	sibl
mole	kite	sibl
licorice	ginseng	sibl
refinery	skillet	false
hare	zipper	false
refinery	hubel	false
amphibian	chordate	hypo
tomato	parsnip	sibl
cock	osprey	sibl
gentian	flower	hypo
buss	vehicle	hypo
orang	kohl	false
robin	vertebrate	hypo
bighorn	ruminant	hypo
refinery	hybrid	false
crayfish	langouste	mero
hazel	hazelnut	sibl
mint	sacking	false
refinery	pentecostalist	false
blackbuck	mitt	false
bronco	gallstone	false
mint	lapel	false
mullein	dock	sibl
refinery	alembic	false
arnica	dill	sibl
refinery	vanquisher	false
wolf	chelonian	sibl
dodder	wisteria	sibl
louse	shirt	false
winkle	tompion	false
onion	plant	hypo
sloth	walrus	sibl
sub	terrarium	false
chick	animal	hypo
pokeweed	carrot	sibl
ewe	sheep	hypo
refinery	stairway	false
refinery	alpenstock	false
roadrunner	hinny	sibl
car	grille	mero
salp	pack	false
mint	viscose	false
budgerygah	slit	false
camellia	greasewood	sibl
refinery	histrion	false
refinery	burnoose	false
oats	fennel	sibl
refinery	balalaika	false
carnation	plant	hypo
cumin	safflower	sibl
maranta	willowherb	sibl
nandu	chopper	false
passerine	cooling	false
flea	chicha	false
wolffish	animal	hypo
dock	bladderwort	sibl
gnawer	spadix	false
livestock	minesweeper	false
rig	marengo	false
refinery	greaser	false
duck	coalface	false
cowberry	cranberry	hypo
okra	bamboo	sibl
jeep	limousine	sibl
yak	pronghorn	sibl
mint	schnorchel	false
refinery	testator	false
refinery	underdog	false
coreopsis	woad	sibl
refinery	rosemaling	false
conch	trouser	false
camass	biennial	sibl
bomber	vehicle	hypo
warship	motorcycle	sibl
leporid	keel	false
mudskipper	lorikeet	sibl
rhea	mudskipper	sibl
mint	camponotus	false
capybara	cavy	sibl
comfrey	henbane	sibl
camelopard	saxophone	false
rattan	tree	hypo
crowberry	grevillea	sibl
refinery	proctoscope	false
taro	lotus	sibl
mint	crocket	false
wolffish	linoleum	false
tobacco	woad	sibl
lorikeet	mule	sibl
pomegranate	breadfruit	sibl
safflower	cardamom	sibl
mistflower	aster	sibl
gnu	ungulate	hypo
hen	shark	sibl
peccary	saturn	false
refinery	multiflora	false
mint	warp	false
anglerfish	garbanzo	false
basil	galax	sibl
mint	goodenia	false
turmeric	buckwheat	sibl
sloth	cannery	false
ailanthus	ginkgo	sibl
refinery	sciara	false
equine	reseau	false
strawberry	watercress	sibl
orangutan	mudskipper	sibl
parroquet	submarine	false
whale	weasel	sibl
coypu	cavy	sibl
refinery	sloven	false
brachiopod	krill	sibl
phlox	woad	sibl
dove	pigeon	hypo
mango	willow	sibl
saxifrage	tobacco	sibl
primate	muscatel	false
baby	imaret	false
currant	pyracantha	sibl
juneberry	blackthorn	sibl
streetcar	pindar	false
corn	flax	sibl
saxifrage	safflower	sibl
refinery	doc	false
mint	schtik	false
locust	pollinator	sibl
dolphin	percolator	false
diapsid	customshouse	false
tuatara	salmon	sibl
cockroach	anaglyph	false
reindeer	teetotum	false
refinery	guilloche	false
trailer	helicopter	sibl
larkspur	gentian	sibl
refinery	leptodactylid	false
mint	pennant	false
civet	animal	hypo
snowmobile	economist	false
goldfish	hinny	sibl
refinery	medusan	false
refinery	milanese	false
turmeric	galax	sibl
chelonian	ammeter	false
civet	placental	hypo
seal	jaguar	sibl
refinery	publication	false
refinery	chuck	false
henbane	rhubarb	sibl
tramcar	distortionist	false
saguaro	succulent	hypo
lavender	fuchsia	sibl
fox	pegleg	false
pachyderm	pangolin	sibl
lupine	peanut	sibl
refinery	codger	false
refinery	rushlight	false
sassaby	sparrow	sibl
ship	superstructure	mero
refinery	seeder	false
woad	sage	sibl
ratel	vaporizer	false
crab	kowtow	false
squirrel	outboard	false
locomotive	pilot	mero
cannabis	rhododendron	sibl
coffee	walnut	sibl
mint	motortruck	false
moped	mite	false
tea	lilac	sibl
licorice	eggplant	sibl
mint	crotaphytus	false
refinery	guardian	false
capibara	fae	false
refinery	faggot	false
refinery	crownwork	false
oscine	radiometer	false
mustang	mammal	hypo
mint	panadol	false
gumbo	okra	mero
refinery	seismograph	false
lavender	pyracantha	sibl
human	bowknot	false
kookaburra	zebra	sibl
flamingo	outthrust	false
jeep	electric	sibl
refinery	parent	false
pineapple	banana	sibl
monkey	extinguisher	false
siphonophore	louse	sibl
refinery	pedicab	false
refinery	sham	false
sage	angelica	sibl
mint	underseal	false
mint	semi	false
camel	cow	sibl
lancetfish	hallway	false
manatee	buck	sibl
seedling	plant	hypo
mint	vidua	false
trout	whippet	sibl
aurochs	frisbee	false
warthog	yak	sibl
cacomixle	byway	false
refinery	mullet	false
mint	macon	false
arachnoid	articulation	false
refinery	macrocosm	false
wisent	whippet	sibl
refinery	pipette	false
refinery	suede	false
serow	takin	sibl
clam	footstool	false
aphid	termite	sibl
cheetah	lion	sibl
mastodont	auto	false
nightcrawler	television	false
garlic	yarrow	sibl
scombroid	animal	hypo
swordfish	chordate	hypo
hemipteran	chequer	false
kitty	waterway	false
asparagus	sundew	sibl
refinery	muskmelon	false
mint	trace	false
bull	proctorship	false
minnow	potoroo	sibl
mint	bolus	false
skate	caravansary	false
refinery	hotelkeeper	false
lentil	locoweed	sibl
phalanger	harbor	false
refinery	tokay	false
nuthatch	crownwork	false
silvertip	bevatron	false
macadamia	mulberry	sibl
wildebeest	braiding	false
fuchsia	senna	sibl
macaque	animal	hypo
refinery	courtelle	false
mint	flashing	false
turtle	chelonian	hypo
tobacco	galax	sibl
refinery	hornbill	false
cyprinid	restroom	false
mint	griddle	false
gemsbok	ungulate	hypo
asparagus	amaranth	sibl
refinery	transplanter	false
caribou	foredeck	false
kookaburra	vertebrate	hypo
mint	heterokontophyta	false
pronghorn	impala	sibl
chive	camass	sibl
catmint	plumbago	sibl
cimarron	vulpecula	false
nutria	volume	false
refinery	klein	false
tomato	amaranth	sibl
refinery	intermediary	false
refinery	hypobasidium	false
sable	fisher	sibl
shark	osprey	sibl
perennial	ornamental	sibl
tup	stammel	false
eyra	sprag	false
mint	cabernet	false
refinery	shavian	false
brahman	bovine	hypo
refinery	torquemada	false
mallard	console	false
milkweed	angelica	sibl
bloodroot	pineapple	sibl
mint	genipap	false
ling	lupine	sibl
fisher	lockage	false
quince	teak	sibl
frangipani	barberry	sibl
mandrake	tomato	sibl
lamprey	lance	false
magnolia	walnut	sibl
belladonna	rye	sibl
locoweed	pickerelweed	sibl
refinery	parrot	false
stonecrop	lemongrass	sibl
cinnamon	tree	hypo
refinery	alabaman	false
insectivore	nog	false
polliwog	overcoating	false
oxali	buckwheat	sibl
langouste	autobus	false
birch	beech	sibl
evergreen	hemlock	sibl
peppermint	lamb	sibl
blackbuck	impala	sibl
refinery	quarterback	false
alligator	windfall	false
sorghum	peppermint	sibl
mudskipper	salmon	sibl
amphibian	fez	false
locoweed	annual	sibl
elapid	teashop	false
mint	sari	false
mint	totalizator	false
tautog	vertebrate	hypo
cashew	mulberry	sibl
vetch	lentil	sibl
walrus	shrew	sibl
mint	prima	false
shrimp	turning	false
ophidian	groover	false
fenugreek	nasturtium	sibl
mint	stylopodium	false
refinery	ratepayer	false
manta	eyepiece	false
ratite	fitment	false
duckweed	ramp	sibl
wallaby	tuna	sibl
refinery	slouch	false
refinery	herm	false
yucca	hydrangea	sibl
ant	rammer	false
univalve	remnant	false
onion	tulip	sibl
termite	animal	hypo
citrus	plant	hypo
monkshood	plant	hypo
camellia	artemisia	sibl
refinery	calanthe	false
takin	lath	false
refinery	applicant	false
refinery	absolver	false
forklift	snowmobile	sibl
refinery	candlestick	false
mint	flashgun	false
potato	vine	hypo
wallaby	roadrunner	sibl
predator	neutrino	false
carrot	sugarcane	sibl
alyssum	plant	hypo
craniate	pectus	mero
bloodroot	nasturtium	sibl
artemisia	capsicum	sibl
refinery	mainsail	false
refinery	hawfinch	false
bougainvillea	plant	hypo
locust	manifold	false
marigold	strawflower	sibl
sled	armorer	false
grouse	kibble	false
chiton	www	false
hogg	girandole	false
mint	alca	false
butterwort	oats	sibl
biennial	trillium	sibl
caraway	bloodroot	sibl
tern	rottweiler	sibl
grizzly	deodorant	false
buttercup	sesame	sibl
lemming	mammal	hypo
wasp	mantis	sibl
wallaby	guimpe	false
refinery	homespun	false
rocket	coriander	sibl
mint	highboy	false
mint	autobahn	false
buckwheat	monarda	sibl
belladonna	arnica	sibl
wallaby	marcel	false
cricket	louse	sibl
ash	redbud	sibl
airship	southerner	false
refinery	frigate	false
barracuda	carriageway	false
jimsonweed	broom	sibl
tulip	leek	sibl
shrimp	crab	sibl
barracuda	ragbag	false
rush	camass	sibl
refinery	photomicrograph	false
crayfish	original	false
mint	cartwheel	false
refinery	delacroix	false
hamster	rigging	false
refinery	annotator	false
chickadee	wicker	false
nyala	longhorn	sibl
mint	microphage	false
thrush	hypanthium	false
refinery	anticipator	false
falcon	bird	hypo
monarda	cardamom	sibl
refinery	viscose	false
carrot	arnica	sibl
refinery	naturist	false
bison	chordate	hypo
sausage	decipherer	false
tugboat	beetroot	false
jackal	livestock	sibl
croton	forsythia	sibl
mint	sirius	false
packrat	stair	false
caribe	buttonhook	false
anuran	spitball	false
lark	forceps	false
refinery	worsted	false
woad	astilbe	sibl
lentil	duckweed	sibl
mint	tirolean	false
juneberry	tea	sibl
dock	herb	hypo
gorse	cotoneaster	sibl
broom	greasewood	sibl
mint	sidalcea	false
quince	rattan	sibl
rosemary	eggplant	sibl
whippet	jaguar	sibl
mint	hallway	false
refinery	shellbark	false
shark	gibbon	sibl
snowberry	ornamental	sibl
slug	muffin	false
refinery	miter	false
hornbill	fanlight	false
cart	outfall	false
owl	drop	false
refinery	livery	false
peccary	tapir	sibl
ant	train	false
crab	abbey	false
refinery	congressman	false
gecko	skink	sibl
iguanid	diapsid	hypo
peach	papaya	sibl
opossum	warthog	sibl
steenbok	trout	sibl
motortruck	raceway	false
swine	tintometer	false
olive	neem	sibl
scooter	caudex	false
mint	coupe	false
turnip	crocus	sibl
mint	ranunculus	false
privet	plant	hypo
poodle	cock	sibl
refinery	ptarmigan	false
mint	razor	false
trillium	turnip	sibl
refinery	cordon	false
oiler	intrusion	false
hyrax	jackal	sibl
brahman	bovid	hypo
refinery	curbside	false
steenbok	hen	sibl
alewife	pipefish	sibl
refinery	likeness	false
mint	macoun	false
burro	tapir	sibl
juneberry	gorse	sibl
chamomile	plant	hypo
orang	prepuce	false
refinery	hesiod	false
tram	rask	false
refinery	polyandrist	false
refinery	hunt	false
longhorn	eland	sibl
hyena	mammal	hypo
manzanita	cotoneaster	sibl
refinery	deskman	false
refinery	plasterboard	false
longhorn	tintometer	false
sloth	minicab	false
refinery	zamboni	false
monarda	eggplant	sibl
mint	physique	false
refinery	dabchick	false
galax	coriander	sibl
agapanthus	amarylli	sibl
hoya	vine	hypo
amarylli	yarrow	sibl
refinery	globe	false
mammoth	tuatara	sibl
goldenseal	flax	sibl
mint	bandolier	false
refinery	klebsiella	false
mankind	hadron	false
annual	lantana	sibl
safflower	glasswort	sibl
stingray	genipap	false
saltwort	rose	sibl
sugarcane	woad	sibl
barberry	forsythia	sibl
pony	peephole	false
refinery	herod	false
alstroemeria	hyacinth	sibl
shellflower	garlic	sibl
canna	grain	sibl
auto	sunroof	mero
cockle	mollusk	hypo
elk	hologram	false
cumin	rye	sibl
oleander	soie	sibl
caladium	onion	sibl
ginger	galax	sibl
hausen	quaoar	false
armadillo	sloth	sibl
peccary	fawn	sibl
prototherian	wicker	false
refinery	peripatus	false
cimarron	topgallant	false
snowplow	norma	false
mint	ascocarp	false
ginkgo	eucalyptus	sibl
fig	neem	sibl
angelica	lettuce	sibl
wheat	nasturtium	sibl
peccary	sambar	sibl
parsley	catmint	sibl
minnow	latticework	false
worm	keep	false
roadrunner	guppy	sibl
pokeweed	basil	sibl
mint	backsaw	false
frangipani	tamarisk	sibl
coleus	catmint	sibl
magnolia	mango	sibl
refinery	desk	false
lobelia	plant	hypo
motorcar	barnacle	false
pea	crocus	sibl
whippet	wisent	sibl
tobacco	parsnip	sibl
butterwort	phlox	sibl
clemati	potato	sibl
tuna	capitol	false
turtle	chordate	hypo
equipage	casting	false
cryptocoryne	biennial	sibl
refinery	protege	false
refinery	rigout	false
ganoid	wrass	sibl
juneberry	crowberry	sibl
refinery	sweetleaf	false
pickerelweed	evergreen	sibl
mint	bubble	false
mint	pilosella	false
refinery	girasol	false
hazelnut	nectarine	sibl
gorse	saltwort	sibl
fenugreek	dock	sibl
baby	footbath	false
mudskipper	rottweiler	sibl
fly	calypter	mero
redbud	bonsai	sibl
mint	cockleshell	false
larva	handsaw	false
mint	sucralfate	false
mint	ceratonia	false
refinery	soothsayer	false
elk	postbox	false
refinery	ornamental	sibl
gazanium	snapdragon	sibl
papaya	cashew	sibl
aeroplane	windshield	mero
peppermint	soie	sibl
refinery	branchlet	false
chelonian	anapsid	hypo
fennel	ginseng	sibl
yucca	honeysuckle	sibl
cockroach	animal	hypo
plumbago	goldenseal	sibl
refinery	hansom	false
cardamom	rape	sibl
refinery	choirmaster	false
sundew	lobelia	sibl
canary	demodulator	false
periwinkle	ridge	false
buckthorn	gardenia	sibl
capsicum	grevillea	sibl
goldfish	fish	hypo
currant	privet	sibl
impala	bushbuck	sibl
swan	ootid	false
marigold	begonia	sibl
refinery	progymnosperm	false
refinery	osmund	false
borage	foxglove	sibl
privet	jasmine	sibl
songbird	wisent	sibl
anapsid	burner	false
willow	ailanthus	sibl
hoya	watermelon	sibl
ginger	lobelia	sibl
feeder	apartment	false
refinery	gun	false
refinery	schumpeter	false
lamprey	rhea	sibl
squirrel	vertebrate	hypo
refinery	screecher	false
stonecrop	yarrow	sibl
auto	cosmonaut	false
wheatgrass	stonecrop	sibl
gnawer	tachometer	false
mint	holocentrus	false
refinery	brummy	false
dandelion	reed	sibl
rhinoceros	plyboard	false
mint	lycium	false
refinery	lefty	false
henbane	licorice	sibl
crow	charabanc	false
larkspur	valerian	sibl
yucca	gardenia	sibl
whole	object	hypo
mudskipper	hospice	false
anapsid	crotchet	false
ape	excuse	false
mint	hit	false
ailanthus	neem	sibl
eel	plectognath	sibl
kite	mink	sibl
trout	override	false
beast	face	mero
refinery	girondist	false
pet	sparkle	false
refinery	endorser	false
refinery	chipboard	false
bamboo	rocket	sibl
refinery	leadbelly	false
raven	haddock	sibl
rooster	axon	false
mint	rowel	false
refinery	remainder	false
pony	drey	false
tuatara	chimpanzee	sibl
refinery	dulciana	false
tamarisk	indigo	sibl
peacock	cricket	sibl
mint	branta	false
mammoth	heliogravure	false
mite	animal	hypo
piranha	animal	hypo
mint	reservoir	false
tomato	milkweed	sibl
refinery	agrimony	false
mint	trichobezoar	false
mint	bob	false
rye	ginseng	sibl
pangolin	jackrabbit	sibl
starfish	infotainment	false
steer	firetrap	false
ox	steriliser	false
auto	maupassant	false
pest	confidentiality	false
magpie	creeper	sibl
anaconda	leukocyte	false
crayfish	spawn	false
cassava	camellia	sibl
oleander	camass	sibl
refinery	discina	false
lamb	sandpit	false
nymphalid	animal	hypo
yak	shrew	sibl
banana	turmeric	sibl
refinery	teff	false
bull	requiem	false
mint	quilt	false
mint	shiv	false
mint	medicament	false
mink	poodle	sibl
eagle	animal	hypo
lavender	shrub	hypo
gibbon	mole	sibl
saxifrage	dock	sibl
soapwort	spermatophyte	hypo
falcon	hawk	hypo
gerbil	rat	sibl
thrush	weasel	sibl
refinery	anopheline	false
clover	basil	sibl
cock	seal	sibl
musquash	horsecloth	false
peacock	butterfly	hypo
sambar	ruminant	hypo
armadillo	footgear	false
collembolan	moth	sibl
mint	woodcut	false
rattan	avocado	sibl
refinery	polymath	false
turbofan	turbojet	mero
refinery	eohippus	false
gudgeon	otoscope	false
hellebore	tulip	sibl
mammal	hostelry	false
mandrake	belladonna	sibl
refinery	potoroo	false
safflower	galax	sibl
buckthorn	jasmine	sibl
alligator	acid	false
emmet	fruitlet	false
refinery	musketeer	false
marten	ponytail	false
mint	beeper	false
mint	troika	false
anteater	sawhorse	false
refinery	copper	false
evergreen	ornamental	sibl
mosquito	siphonophore	sibl
yak	blackbuck	sibl
refinery	starr	false
streetcar	sled	sibl
oleander	crocus	sibl
ephemerid	singlet	false
comfrey	thyme	sibl
eelgrass	lemongrass	sibl
trillium	hyacinth	sibl
corn	phlox	sibl
violet	taro	sibl
mint	vocabulary	false
gorse	rose	sibl
hogget	housing	false
angelica	rue	sibl
tuna	wombat	sibl
pika	salmon	sibl
cony	railroad	false
cart	sachem	false
turnip	taro	sibl
refinery	diamondback	false
refinery	erving	false
refinery	ditch	false
refinery	parvovirus	false
celery	sugarcane	sibl
pasang	bandoneon	false
saxifrage	bladderwort	sibl
oats	wheat	sibl
celery	cardamom	sibl
cowbird	nuthatch	sibl
refinery	puddle	false
loon	penguin	sibl
mint	spongioblast	false
caribou	waterbuck	sibl
tamarisk	lilac	sibl
mint	pentaerythritol	false
strawberry	licorice	sibl
newt	habergeon	false
cardamon	cardamom	mero
onion	biennial	sibl
caracal	iron	false
galax	rosemary	sibl
invertebrate	laminate	false
livestock	kirk	false
wapiti	sailboat	false
dodo	chordate	hypo
silkworm	loading	false
oligochaete	invertebrate	hypo
songbird	orangutan	sibl
mosquito	insect	hypo
chicken	tune	false
sambar	trouser	false
sheep	withers	mero
refinery	cryometer	false
refinery	producer	false
kitty	fetoscope	false
bamboo	coleus	sibl
ginseng	dandelion	sibl
scavenger	tapa	false
young	telephotograph	false
refinery	loupe	false
refinery	grahame	false
bomber	jet	sibl
goby	steel	false
refinery	slab	false
mint	gizmo	false
horseradish	lobelia	sibl
cotton	jasmine	sibl
mint	ascot	false
walnut	teak	sibl
biddy	mycelium	false
mullein	nasturtium	sibl
refinery	terrier	false
mint	huckaback	false
shark	ratel	sibl
yew	arborvitae	sibl
ape	animal	hypo
corn	angelica	sibl
mint	fascia	false
otter	pants	false
mint	smock	false
hen	bedchamber	false
porcupine	beaver	sibl
ephemerid	parthenote	false
milkweed	bladderwort	sibl
refinery	camelopard	false
roadster	planchette	false
roadrunner	cuckoo	hypo
pigboat	periscope	mero
canna	plant	hypo
earthworm	cornet	false
lobster	barnacle	sibl
jackal	raccoon	sibl
jack	placental	hypo
arborvitae	cedar	sibl
refinery	pistoleer	false
cowbird	vertebrate	hypo
petunia	daisy	sibl
lobelia	oats	sibl
lark	teleportation	false
soie	cryptocoryne	sibl
mosquito	lobster	sibl
guanaco	shoulder	false
hellebore	shellflower	sibl
poppy	zinnia	sibl
dragon	babel	false
camel	array	false
warthog	lorikeet	sibl
ctenophore	siphonophore	sibl
osprey	wren	sibl
manzanita	forsythia	sibl
wapiti	tessera	false
squid	invertebrate	hypo
walrus	aardvark	sibl
kine	cruse	false
plane	cowl	mero
saxifrage	parsley	sibl
cycle	spotter	false
comfrey	saxifrage	sibl
yak	kid	sibl
bassarisk	bolo	false
brome	wheatgrass	sibl
mullein	horseradish	sibl
teff	pickerelweed	sibl
crab	tensiometer	false
sparrow	privy	false
nyala	eland	sibl
hoya	pepper	sibl
tern	shark	sibl
mint	lomustine	false
gardenia	tamarisk	sibl
refinery	plumule	false
mint	gasterophilus	false
refinery	cascabel	false
chicory	phlox	sibl
eelgrass	hellebore	sibl
plumbago	nasturtium	sibl
wisteria	dodder	sibl
camellia	mesquite	sibl
wombat	sennit	false
mint	vangueria	false
refinery	titfer	false
parsley	coleus	sibl
asparagus	mullein	sibl
mint	shoulder	false
human	copybook	false
feeder	animal	hypo
squirrel	language	false
ladybug	jiggermast	false
refinery	zephaniah	false
mint	echinocereus	false
wasp	paintbox	false
goldenseal	fennel	sibl
monarda	sesame	sibl
mint	argiope	false
hackberry	pear	sibl
ganoid	vertebrate	hypo
diapsid	vertebrate	hypo
ash	tangerine	sibl
fox	photon	false
ramp	frogbit	sibl
rodent	spread	false
ratel	trout	sibl
lugworm	can	false
hydrillum	crop	sibl
coypu	rat	sibl
saltbush	kenaf	sibl
eucalyptus	ginkgo	sibl
pokeweed	cumin	sibl
refinery	jonah	false
nasturtium	parsley	sibl
bomber	seaplane	sibl
refinery	morceau	false
cardamom	tobacco	sibl
octopod	academy	false
fetus	wolf	sibl
thoroughbred	wren	sibl
millepede	mezzotint	false
gooseberry	mesquite	sibl
wheatgrass	pennyroyal	sibl
refinery	ramp	sibl
saxifrage	parsnip	sibl
mammalian	hair	mero
cryptocoryne	crocus	sibl
cockatiel	brim	false
wintergreen	eggplant	sibl
kid	mammal	hypo
sugarcane	catmint	sibl
refinery	harpooneer	false
platypus	waterbuck	sibl
carrot	glasswort	sibl
jackrabbit	jonathan	false
refinery	poleax	false
refinery	restauranter	false
gull	cartouch	false
begonia	flower	hypo
ash	holly	sibl
opossum	hinny	sibl
waterbuck	otter	sibl
refinery	handstamp	false
zinnia	columbine	sibl
takin	sweatshirt	false
ling	hydrillum	sibl
meerkat	hachure	false
grizzly	paddle	false
springbok	stallion	sibl
civet	mongoose	sibl
ctenophore	mayfly	sibl
nuthatch	moquette	false
chimpanzee	diapason	false
kudus	gnu	sibl
mint	dhow	false
woad	lettuce	sibl
fennel	henbane	sibl
refinery	tuckahoe	false
jackal	vertebrate	hypo
fenugreek	oats	sibl
echidna	jacklight	false
rice	canna	sibl
wintergreen	phlox	sibl
roadrunner	vestibule	false
alfalfa	herb	hypo
rye	coriander	sibl
asparagus	phlox	sibl
refinery	cyclops	false
bassarisk	chordate	hypo
coreopsis	pineapple	sibl
peperomia	rocket	sibl
capsicum	cotoneaster	sibl
catamount	pricker	false
tardigrade	tick	sibl
lilac	saltbush	sibl
llama	ultramicroscope	false
medic	plantain	sibl
baboon	marmoset	sibl
beluga	forecastle	false
redbud	hazel	sibl
belladonna	borage	sibl
honeysuckle	salal	sibl
refinery	speckle	false
mint	till	false
carrot	fenugreek	sibl
frogbit	hydrillum	sibl
monotreme	platform	false
spider	rotifer	sibl
alder	apple	sibl
mint	horologe	false
plectognath	corrective	false
lentil	amarylli	sibl
chive	gladiolus	sibl
mink	otter	sibl
hoopo	swan	sibl
trematode	tangram	false
hen	platypus	sibl
mint	callitriche	false
soursop	guanabana	mero
pea	alstroemeria	sibl
refinery	metropolitan	false
piranha	zapper	false
pokeweed	sainfoin	sibl
comfrey	ginger	sibl
refinery	pianoforte	false
monarda	rhubarb	sibl
trematode	basophil	false
avocado	pomegranate	sibl
cockateel	bird	hypo
biennial	caladium	sibl
silkworm	pelisse	false
mint	raceabout	false
lentil	plant	hypo
taro	hydrillum	sibl
peppermint	hemlock	sibl
refinery	recording	false
pinon	willow	sibl
sorghum	ling	sibl
magpie	ricer	false
hedgehog	hymnal	false
belladonna	mandrake	sibl
cock	goldfish	sibl
mint	cenchrus	false
peony	seedling	sibl
horseradish	strawberry	sibl
rush	iris	sibl
chariot	trainman	false
crane	eagle	sibl
caraway	chickweed	sibl
crowberry	lavender	sibl
buttercup	carrot	sibl
tanker	motive	false
refinery	monteverdi	false
glutton	piranha	sibl
wasp	termite	sibl
tea	tamarisk	sibl
refinery	almsgiver	false
wallaby	mule	sibl
raccoon	ornamentation	false
refinery	rocker	false
walrus	salmon	sibl
mint	dray	false
hare	capella	false
whippet	pangolin	sibl
batrachian	chapel	false
refinery	grail	false
refinery	furrow	false
ladybug	van	false
refinery	clutch	false
bovine	bludgeon	false
annual	lupine	sibl
corn	milkweed	sibl
sedan	stepladder	false
refinery	swordfish	false
springbok	bighorn	sibl
oats	turmeric	sibl
ptarmigan	microsporangium	false
pika	rhea	sibl
cowbird	meadowlark	sibl
daisy	peony	sibl
rue	rhubarb	sibl
horseradish	oats	sibl
anemone	columbine	sibl
sagebrush	subshrub	hypo
seal	otter	sibl
mint	leptoglossus	false
refinery	mercer	false
dasheen	cocoyam	mero
duckbill	tightrope	false
beluga	mailboat	false
bull	windfall	false
strawberry	reed	sibl
fig	guava	sibl
mint	fuzee	false
eagle	flamingo	sibl
mint	orycteropus	false
fetus	dome	false
sorghum	grass	hypo
shark	songbird	sibl
mint	siderite	false
mink	guppy	sibl
seal	roadrunner	sibl
perennial	pea	sibl
refinery	biloxi	false
refinery	jailbird	false
marsupial	martingale	false
rose	hip	mero
van	promiser	false
daisy	wallflower	sibl
opossum	ascot	false
burro	rosemaling	false
gorilla	lamprey	sibl
hornwort	garlic	sibl
milkweed	rue	sibl
poppy	wallflower	sibl
dolphinfish	barracuda	sibl
chamomile	tomato	sibl
mint	antiepileptic	false
willow	neem	sibl
crab	intermixture	false
refinery	jamaican	false
ichthyosaur	columba	false
lobelia	astilbe	sibl
blimp	jet	sibl
chickweed	parsnip	sibl
camass	lily	sibl
strawflower	petunia	sibl
refinery	diapason	false
wombat	tuna	sibl
nectarine	pomegranate	sibl
ship	log	mero
ratite	vertebrate	hypo
ambulance	lennon	false
oats	thyme	sibl
swan	owl	sibl
jimsonweed	tamarisk	sibl
mantis	harmonica	false
pangolin	manatee	sibl
humanity	tautness	false
hopper	beltway	false
homo	weasel	sibl
cryptocoryne	leek	sibl
olive	pear	sibl
rape	peperomia	sibl
mint	brassica	false
refinery	cordage	false
rice	saxifrage	sibl
otter	gorilla	sibl
salmon	guppy	sibl
cowbird	ligament	false
waggon	oblate	false
monarda	coriander	sibl
refinery	cornerstone	false
ruminant	psalterium	mero
saxifrage	belladonna	sibl
parsnip	lettuce	sibl
moth	mask	false
refinery	daredevil	false
oak	pinon	sibl
pecan	macadamia	sibl
crop	ling	sibl
wheat	rocket	sibl
rooster	entresol	false
refinery	moghul	false
refinery	sociologist	false
refinery	hematologist	false
carriage	kesey	false
jackal	chordate	hypo
refinery	foster	false
prawn	spider	sibl
camellia	protea	sibl
trout	haddock	sibl
refinery	sporocarp	false
mule	gorilla	sibl
polliwog	tenpin	false
belladonna	monarda	sibl
basil	saxifrage	sibl
fenugreek	saxifrage	sibl
butterwort	buttercup	sibl
minnow	orangutan	sibl
mint	sup	false
refinery	benchley	false
lorikeet	tern	sibl
hydrozoan	animal	hypo
cacao	pecan	sibl
trout	kookaburra	sibl
mint	fauld	false
sassaby	chick	sibl
kine	dampener	false
ginseng	basil	sibl
astilbe	goldenseal	sibl
artemisia	saltwort	sibl
mule	gibbon	sibl
guava	nectarine	sibl
lettuce	astilbe	sibl
piranha	chordate	hypo
roadrunner	trout	sibl
bovine	peephole	false
bumblebee	piano	false
ladybug	arthropod	hypo
kite	steenbok	sibl
goldenseal	belladonna	sibl
teak	oak	sibl
mint	metronidazole	false
skateboard	fucker	false
bonsai	alder	sibl
mint	slick	false
rose	tamarisk	sibl
mammoth	chick	sibl
bug	pulsar	false
refinery	crispin	false
waterfowl	minicab	false
robin	herm	false
hamster	placental	hypo
scombroid	brougham	false
banksia	senna	sibl
fuchsia	lilac	sibl
barracuda	clasp	false
mint	piece	false
invertebrate	throughway	false
clover	sage	sibl
coypu	radiograph	false
ferryboat	witloof	false
chameleon	carcass	false
refinery	panel	false
stock	angiosperm	hypo
refinery	crocus	sibl
dingo	pachyderm	sibl
mint	lysin	false
rottweiler	mammal	hypo
mint	jewelry	false
cow	fluxmeter	false
refinery	mummichog	false
dragon	spectrograph	false
jaguar	jackal	sibl
daphne	tamarisk	sibl
glasswort	chickweed	sibl
dolphin	herringbone	false
hummingbird	toucan	sibl
glutton	enlarger	false
scincid	daub	false
bangtail	transporter	false
turmeric	peperomia	sibl
refinery	castrate	false
asparagus	arnica	sibl
taro	lentil	sibl
lamellibranch	halftone	false
mint	towrope	false
sumac	indigo	sibl
sedan	cab	sibl
whippet	raven	sibl
grebe	chordate	hypo
eggplant	plumbago	sibl
deer	empennage	false
lugworm	windowsill	false
tarsier	primate	hypo
refinery	cuttle	false
refinery	superman	false
snowberry	rush	sibl
elapid	diapsid	hypo
refinery	bundle	false
mint	balm	false
warthog	waterbuck	sibl
devilfish	cot	false
refinery	woofer	false
abalone	pestle	false
refinery	gordius	false
rhinoceros	diptych	false
rhubarb	catmint	sibl
echidna	sphere	false
bitterroot	plant	hypo
flatfish	penitentiary	false
buckwheat	ginger	sibl
vole	cavy	sibl
gentian	soapwort	sibl
hemipteran	macintosh	false
aardvark	litter	false
caladium	camass	sibl
watercress	carrot	sibl
ewe	paleolith	false
refinery	longhorn	false
bike	chain	mero
rose	jimsonweed	sibl
teak	fig	sibl
ling	lamb	sibl
mint	fuel	false
refinery	manservant	false
refinery	mayfly	false
ratel	plaza	false
oleander	plant	hypo
amarylli	annual	sibl
hellebore	chive	sibl
plumbago	amaranth	sibl
refinery	bacon	false
refinery	quincy	false
salal	shrub	hypo
refinery	rootstock	false
mandrake	comfrey	sibl
frangipani	cotton	sibl
wren	wallaby	sibl
fisher	surcoat	false
wolf	placental	hypo
jack	tenon	false
skate	animal	hypo
kid	echogram	false
wolffish	alewife	sibl
birch	elm	sibl
refinery	stripling	false
firefly	bumblebee	sibl
parsley	bloodroot	sibl
frogbit	pea	sibl
songbird	trout	sibl
rice	tomato	sibl
platypus	salmon	sibl
refinery	sublieutenant	false
refinery	staging	false
liza	servomechanism	false
celery	tomato	sibl
lilac	frangipani	sibl
tangerine	apple	sibl
peach	hazelnut	sibl
bushbuck	steenbok	sibl
mint	copyholder	false
refinery	milord	false
refinery	wineglass	false
zinnia	poppy	sibl
amarylli	hellebore	sibl
muskrat	coypu	sibl
cuttle	mandril	false
mint	topgallant	false
crocus	tulip	sibl
gladiolus	ling	sibl
refinery	bohemian	false
grain	lobelia	sibl
dogwood	willow	sibl
violet	stonecrop	sibl
sable	manatee	sibl
isopod	deadwood	false
composite	aster	sibl
mint	platter	false
krill	frontage	false
dormouse	duffel	false
rottweiler	glutton	sibl
iris	tulip	sibl
seasnail	invertebrate	hypo
caribou	wisent	sibl
refinery	dosser	false
roadster	machicolation	false
refinery	coordinator	false
oak	neem	sibl
tiger	fox	sibl
capybara	chinchilla	sibl
hornbill	bird	hypo
swordfish	moldboard	false
organism	object	hypo
refinery	doula	false
refinery	vein	false
starling	phalanger	sibl
quadruped	lumbus	mero
refinery	physa	false
mint	mya	false
sesame	borage	sibl
placental	crutch	false
skateboard	locomotive	sibl
gooseberry	banksia	sibl
canary	arthrogram	false
sleigh	runner	mero
mint	cozy	false
wasp	moth	sibl
refinery	gladiator	false
parsley	mullein	sibl
lamprey	tern	sibl
refinery	beany	false
refinery	kurosawa	false
crustacean	tabor	false
proboscidean	placental	hypo
refinery	salvadorean	false
safflower	dill	sibl
daphne	gooseberry	sibl
manzanita	pyracantha	sibl
rhea	yak	sibl
refinery	harpsichord	false
sumac	cotoneaster	sibl
weasel	fetus	sibl
nasturtium	goldenseal	sibl
apple	guava	sibl
refinery	mesomorph	false
automobile	low	mero
helicopter	vane	mero
macadamia	neem	sibl
refinery	hardtack	false
fawn	camel	sibl
van	crackerjack	false
beech	bonsai	sibl
refinery	odo	false
sorghum	stonecrop	sibl
refinery	cachet	false
walnut	cherry	sibl
artemisia	banksia	sibl
refinery	rontgen	false
walrus	lorikeet	sibl
refinery	buzzard	false
bladderwort	corn	sibl
magnolia	holly	sibl
milkweed	rape	sibl
mint	tachograph	false
grizzly	fox	sibl
squid	incinerator	false
longhorn	placental	hypo
refinery	bractlet	false
wallaby	wren	sibl
sage	sesame	sibl
banana	arnica	sibl
wallflower	mistflower	sibl
meerkat	chordate	hypo
man	mask	false
refinery	steerer	false
horseradish	chamomile	sibl
nasturtium	sesame	sibl
hart	dishpan	false
okra	coleus	sibl
refinery	hydrometer	false
refinery	cosmography	false
poodle	pika	sibl
wormwood	subshrub	hypo
groundhog	percale	false
bandicoot	slaughterhouse	false
caraway	strawberry	sibl
medusan	goatee	false
chamomile	asparagus	sibl
larid	felloe	false
peacock	cockroach	sibl
maple	mango	sibl
cashew	dogwood	sibl
mint	ascaphus	false
galax	monarda	sibl
breadfruit	bonsai	sibl
prey	giant	sibl
eel	pipefish	sibl
refinery	regulator	false
dodder	pepper	sibl
mint	bonnet	false
orangutang	pastoral	false
shrew	cock	sibl
mint	miter	false
cryptocoryne	pea	sibl
crayfish	keyboard	false
humanity	venus	false
oxali	chickweed	sibl
bus	daniel	false
mint	gerbillus	false
mint	mesocricetus	false
carnivore	vertebrate	hypo
streetcar	golfcart	sibl
refinery	dervish	false
moufflon	respirator	false
sugarcane	asparagus	sibl
mollymawk	shantung	false
seasnail	surfboard	false
kingfisher	rheostat	false
juneberry	cotton	sibl
currant	saltbush	sibl
rattan	mango	sibl
peccary	stallion	sibl
beef	gaolbreak	false
budgerigar	chordate	hypo
refinery	vulgarizer	false
refinery	view	false
pondweed	hyacinth	sibl
mint	spirometer	false
honeybee	scorpion	sibl
hippo	larboard	false
carnivore	mammal	hypo
sambar	takin	sibl
hornwort	ling	sibl
kayak	vehicle	hypo
cotton	capsicum	sibl
yak	bushbuck	sibl
hen	sassaby	sibl
sage	nasturtium	sibl
crab	crayfish	sibl
sled	cordgrass	false
chickweed	okra	sibl
waterbuck	songbird	sibl
mint	scrumpy	false
refinery	butterbur	false
rottweiler	chihuahua	sibl
limpkin	eagle	sibl
refinery	aunt	false
mint	aethusa	false
lentil	trillium	sibl
refinery	astilbe	false
vole	chinchilla	sibl
guanaco	alpaca	sibl
steenbok	kite	sibl
refinery	carouser	false
plumbago	turmeric	sibl
frangipani	honeysuckle	sibl
refinery	rampion	false
lorikeet	ridgepole	false
grouse	gad	false
mint	skinful	false
rye	banana	sibl
abalone	headpin	false
sainfoin	angelica	sibl
canine	separate	false
onager	mouflon	sibl
phalanger	titmouse	sibl
refinery	repatriate	false
refinery	pushpin	false
milkweed	plumbago	sibl
pennyroyal	lentil	sibl
refinery	priestess	false
refinery	satanist	false
butterfly	buss	false
butterwort	asparagus	sibl
mint	dynamo	false
mint	machmeter	false
refinery	latchkey	false
crocus	yarrow	sibl
trillium	spearmint	sibl
willow	apple	sibl
mudskipper	daub	false
ramp	locoweed	sibl
vetch	lantana	sibl
haddock	wallaby	sibl
refinery	videodisk	false
gazelle	viscometer	false
refinery	spelunker	false
mint	banner	false
refinery	indri	false
oak	pear	sibl
gnu	nilgai	sibl
manta	minge	false
hazel	pear	sibl
mint	elaeocarpus	false
paraquet	underpants	false
refinery	anasazi	false
mint	pianola	false
hopper	parquet	false
mint	syzygium	false
shark	warthog	sibl
hearse	bicycle	sibl
roadrunner	warthog	sibl
mint	lycopodiate	false
rabbit	spica	false
snowberry	lamb	sibl
fig	nectarine	sibl
siphonophore	hydra	sibl
arachnoid	paleocerebellum	false
refinery	bettong	false
redbud	pear	sibl
varmint	barleycorn	false
bamboo	belladonna	sibl
piglet	animal	hypo
rottweiler	otter	sibl
refinery	pasteur	false
tit	bubbler	false
macadamia	ailanthus	sibl
trillium	ling	sibl
manta	reflection	false
quince	soursop	sibl
raven	gorilla	sibl
refinery	pelisse	false
cetacean	almanac	false
catmint	fenugreek	sibl
mint	mooring	false
tobacco	belladonna	sibl
taro	hellebore	sibl
mint	maul	false
pig	trotter	mero
tick	crusher	false
ox	array	false
larva	jetty	false
refinery	neuron	false
shrew	whippet	sibl
jalopy	adopter	false
monster	acephaly	mero
duckweed	frogbit	sibl
refinery	traverse	false
mint	bassoon	false
mint	counterirritant	false
refinery	liege	false
camel	drawbar	false
coney	foodstuff	false
mandrake	peperomia	sibl
lemongrass	camass	sibl
chive	soie	sibl
refinery	togolese	false
mint	headful	false
refinery	aigrette	false
mint	monomorium	false
refinery	aries	false
refinery	eggshell	false
refinery	warhol	false
biennial	pondweed	sibl
taxi	photomontage	false
mint	parenchyma	false
refinery	creese	false
magpie	bird	hypo
mint	echelon	false
wren	hen	sibl
horseradish	dandelion	sibl
mole	andiron	false
refinery	tackler	false
mint	missal	false
quince	willow	sibl
pokeweed	ginseng	sibl
heath	plant	hypo
tunicate	backspace	false
lily	plant	hypo
refinery	quack	false
gibbon	walrus	sibl
cassava	jasmine	sibl
shellflower	amarylli	sibl
kingfisher	shorebird	sibl
carrot	thyme	sibl
marijuana	cannabis	hypo
refinery	houseguest	false
toucan	atheneum	false
buckwheat	astilbe	sibl
stallion	carabao	sibl
carrot	clover	sibl
equid	hair	false
refinery	clapper	false
ungulate	hoof	mero
sundew	wheat	sibl
monarda	bamboo	sibl
pyracantha	cotton	sibl
parsnip	reed	sibl
feeder	prey	sibl
ocelot	placental	hypo
dormouse	hoe	false
refinery	hologram	false
refinery	whaler	false
refinery	shockley	false
cat	thinner	false
crow	bird	hypo
leech	mitten	false
eggplant	safflower	sibl
horseradish	chickweed	sibl
hamster	rat	sibl
sable	lysol	false
ladybug	mosquito	sibl
refinery	fosse	false
cauliflower	broccoli	sibl
refinery	lilyturf	false
tuna	tunny	mero
refinery	chinaware	false
orangutan	wombat	sibl
refinery	cruiser	false
refinery	proselyte	false
refinery	aircrewman	false
shote	tug	false
iris	radish	sibl
mango	mulberry	sibl
wasp	scorpion	sibl
cat	granicus	false
lantana	dogbane	sibl
coral	loaf	false
thoroughbred	platypus	sibl
honeysuckle	croton	sibl
rodent	bobbysock	false
hamster	compact	false
refinery	digitiser	false
cypress	arborvitae	sibl
bamboo	amaranth	sibl
mint	gymslip	false
osprey	chalkpit	false
fly	entombment	false
lamb	vetch	sibl
refinery	diver	false
alstroemeria	rush	sibl
trillium	ornamental	sibl
refinery	tailorbird	false
hen	chordate	hypo
dogbane	rush	sibl
aircraft	skin	mero
coffee	tree	hypo
alligator	tuatara	sibl
cacao	eucalyptus	sibl
refinery	scrooge	false
ruminant	abomasum	mero
ocelot	support	false
diver	tractor	false
avocado	mulberry	sibl
kookaburra	raven	sibl
sundew	wintergreen	sibl
gazanium	marigold	sibl
refinery	bonehead	false
lavender	senna	sibl
anapsid	speedometer	false
galago	pictorial	false
refinery	arbutus	false
corn	chicory	sibl
chamomile	milkweed	sibl
reed	mandrake	sibl
spider	termite	sibl
reed	plumbago	sibl
olive	apricot	sibl
gibbon	byroad	false
refinery	bigot	false
refinery	reviser	false
refinery	pic	false
mint	piton	false
cotton	camellia	sibl
sleuthhound	washtub	false
privet	barberry	sibl
mint	backdoor	false
hopper	sprinkling	false
lemongrass	lentil	sibl
longhorn	nyala	sibl
gorgonian	level	false
ginger	oats	sibl
carnivore	leg	false
mint	stover	false
avocado	bonsai	sibl
safflower	okra	sibl
cardamom	arnica	sibl
tuna	wallaby	sibl
turtle	outwork	false
livestock	fox	sibl
metatherian	corkscrew	false
dill	tomato	sibl
car	croesus	false
refinery	conodont	false
refinery	ambassadress	false
sloth	gorilla	sibl
chamomile	ginger	sibl
wildcat	feline	hypo
locomotive	securer	false
hydroid	millstone	false
foxglove	tomato	sibl
redbud	avocado	sibl
oleander	stonecrop	sibl
nymphalid	chatroom	false
coriander	woad	sibl
thyme	canna	sibl
hydrozoan	servosystem	false
sheep	chordate	hypo
mastodon	grout	false
refinery	daisy	false
mint	polygonatum	false
marsupial	textbook	false
pelican	vertebrate	hypo
refinery	hamster	false
muskrat	entrenchment	false
valerian	poppy	sibl
tiger	dingo	sibl
saxifrage	dandelion	sibl
refinery	meterstick	false
coreopsis	reed	sibl
mint	nitroglycerine	false
coriander	comfrey	sibl
coreopsis	flax	sibl
henbane	turmeric	sibl
arborvitae	fir	sibl
fenugreek	flax	sibl
gull	alternator	false
mint	chaplet	false
ctenophore	honeybee	sibl
cacomixle	publication	false
blackbuck	kid	sibl
mint	ale	false
cricket	glass	false
guppy	sparrow	sibl
guppy	shark	sibl
borage	henbane	sibl
refinery	sooner	false
cock	pommel	false
refinery	shoveler	false
tomato	angelica	sibl
magpie	cudgel	false
wisent	thoroughbred	sibl
butterwort	caraway	sibl
cat	tension	false
refinery	chukchi	false
poppy	gentian	sibl
taro	caladium	sibl
lettuce	buckwheat	sibl
refinery	weismann	false
mink	lamprey	sibl
ox	shillalah	false
refinery	neighbour	false
ratel	kite	sibl
anaconda	showerhead	false
strawberry	rosemary	sibl
safflower	rhubarb	sibl
whippet	sassaby	sibl
homoiotherm	extension	false
kangaroo	animal	hypo
ling	vetch	sibl
seagull	oilseed	false
kenaf	camellia	sibl
forklift	brat	false
maize	cornstalk	mero
perennial	plant	hypo
mouse	chordate	hypo
plane	throttle	mero
reed	banana	sibl
squirrel	chordate	hypo
brachiopod	invertebrate	hypo
slug	taekwondo	false
grain	herb	hypo
refinery	cockatiel	false
deer	form	false
tiger	jackrabbit	sibl
peppermint	herb	hypo
olive	hazelnut	sibl
salmonid	bobbin	false
refinery	mary	false
woad	rue	sibl
fennel	amaranth	sibl
mint	pipet	false
songbird	rottweiler	sibl
owl	swan	sibl
refinery	glass	false
corn	rice	sibl
refinery	housman	false
gemsbok	corpuscle	false
saltwort	camellia	sibl
engine	pilot	mero
brachiopod	mantis	sibl
refinery	astronaut	false
agapanthus	hyacinth	sibl
refinery	saury	false
nematode	shipway	false
orangutan	testa	false
flax	watercress	sibl
sassafrass	tree	hypo
refinery	husserl	false
jaguar	livestock	sibl
tugboat	vessel	hypo
ocelot	containment	false
electric	limousine	sibl
bettong	kangaroo	hypo
loon	friary	false
codfish	broadcasting	false
refinery	gramophone	false
nectarine	birch	sibl
blackbuck	nyala	sibl
refinery	curate	false
mint	folder	false
submarine	breather	mero
rhubarb	mandrake	sibl
mint	restoration	false
refinery	beauty	false
topi	stabiliser	false
refinery	candlesnuffer	false
quail	game	hypo
walrus	hen	sibl
bamboo	angelica	sibl
decapod	cephalopod	hypo
rattan	holly	sibl
metatherian	crematorium	false
angler	fore	false
pickerelweed	onion	sibl
refinery	truant	false
refinery	borage	false
mammalian	crocket	false
gorse	artemisia	sibl
grub	larva	hypo
chick	roadrunner	sibl
gorse	blackthorn	sibl
refinery	slogger	false
mint	nolina	false
newt	pargetting	false
minnow	bottle	false
refinery	mendelssohn	false
anuran	outcrop	false
bettong	gearshift	false
mint	hay	false
snail	wearable	false
refinery	mcluhan	false
horseradish	parsley	sibl
livestock	rosehip	false
pea	rush	sibl
tapir	stallion	sibl
hydrillum	pennyroyal	sibl
juneberry	banksia	sibl
refinery	rockwell	false
mint	mebendazole	false
chameleon	footrest	false
taro	violet	sibl
wrass	ganoid	sibl
kiang	adz	false
mint	cittern	false
crocodile	pallium	false
mint	simarouba	false
refinery	goy	false
pronghorn	kbo	false
refinery	ephemeropteran	false
protea	broom	sibl
radish	lentil	sibl
refinery	catfish	false
refinery	windshield	false
wheatgrass	rush	sibl
canine	crystallite	false
mantis	animal	hypo
celery	thyme	sibl
warthog	walrus	sibl
ewe	ungulate	hypo
olive	dogwood	sibl
amaranth	fennel	sibl
dock	okra	sibl
phlox	sage	sibl
pelecypod	tacking	false
refinery	kook	false
warship	tricycle	sibl
rosemary	chickweed	sibl
refinery	etna	false
millipede	pavo	false
cumin	bladderwort	sibl
alpaca	kilt	false
thyme	bloodroot	sibl
